Order_ID,Order_DateTime,Customer_Id,Gender,Device_Type,Customer_Login_type,Product_Category,Product,Quantity,Sales,Total_Amount,Discount,Profit,Net_Profit,Shipping_Cost,Order_Priority,Payment_method
4001,2026-06-11 05:07:32,37077,Male,Ios App,Verified Member,Smartphones,Apple iPhone 15 Pro Max (256 GB) - Natural Titanium,1,149900,149900,2296,17988,17789,199,High,Upi / Gpay
4002,2026-06-12 18:07:32,45120,Male,Desktop Web,Verified Member,Smartwatches,"Samsung Galaxy Watch 6 Classic LTE 47mm (Black, Rotating Bezel, Sapphire Crystal Glass)",1,36999,36999,2550,4439,4439,0,High,Cod
4003,2026-06-14 08:07:32,37077,Female,Desktop Web,Verified Member,Laptops & PCs,"ASUS ROG Zephyrus G16 Gaming Laptop (16-inch 240Hz OLED, Intel Core Ultra 9, RTX 4070 8GB, 32GB RAM, 1TB SSD)",1,219990,219990,2501,26398,26199,199,High,Netbanking
4004,2026-06-15 13:07:32,45120,Male,Desktop Web,Verified Member,Chargers & Cables,Anker 100W USB-C to USB-C Heavy-Duty Nylon Braided Cable (6ft / 1.8m),1,1299,1299,1294,155,-344,499,Medium,Upi / Gpay
4005,2026-06-17 07:07:32,37077,Male,Mobile Web,Verified Member,Laptops & PCs,"Apple MacBook Air 15-inch M3 Chip (16GB RAM, 512GB SSD) - Starlight",1,154900,154900,2566,18588,18588,0,High,Upi / Gpay
4006,2026-06-18 17:07:32,89102,Male,Android App,Verified Member,Laptops & PCs,"ASUS ROG Strix G16 Gaming Desktop PC (Intel Core i9-14900KF, RTX 4080 Super 16GB, 32GB DDR5, 2TB SSD, Liquid Cooled)",1,289990,289990,2476,34798,34299,499,Medium,Netbanking
4007,2026-06-20 02:07:32,37077,Female,Desktop Web,Verified Member,Smartphones,"Xiaomi Redmi Note 13 Pro+ 5G (Fusion Purple, 12GB RAM, 256GB Storage)",1,31999,31999,2941,3839,3640,199,Medium,Cod
4008,2026-06-21 21:07:32,45120,Female,Desktop Web,Verified Member,Laptops & PCs,"HP Victus 15 Gaming Laptop (AMD Ryzen 5 5600H, RTX 3050 4GB, 16GB RAM, 512GB SSD, 144Hz FHD)",1,49990,49990,1883,5998,5699,299,High,Upi / Gpay
4009,2026-06-23 01:07:32,45120,Male,Mobile Web,Verified Member,Cameras,"Fujifilm X-T5 Mirrorless Camera Body (40.2MP APS-C X-Trans CMOS 5 HR Sensor, 6.2K Video, Silver)",1,169990,169990,1342,20398,20398,0,High,Emi
4010,2026-06-24 15:07:32,12044,Male,Desktop Web,Verified Member,Smartwatches,Apple Watch Series 9 GPS 45mm (Midnight Aluminum Case with Midnight Sport Band),1,44900,44900,827,5388,5189,199,Medium,Cod
4011,2026-06-26 05:07:32,37077,Male,Mobile Web,Verified Member,Laptops & PCs,"Apple MacBook Air 15-inch M3 Chip (16GB RAM, 512GB SSD) - Starlight",1,154900,154900,1182,18588,18588,0,High,Credit Card
4012,2026-06-27 19:07:32,37077,Female,Android App,Verified Member,Gaming & Peripherals,"Sony PlayStation 5 Console (Slim Disc Edition, 1TB SSD, DualSense Wireless Controller)",1,54990,54990,1395,6598,6598,0,High,Cod
4013,2026-06-29 06:07:32,45120,Female,Mobile Web,Verified Member,Smartphones,"OnePlus 12 5G (Silky Black, 16GB RAM, 512GB Storage)",1,69999,69999,1640,8399,7900,499,High,Credit Card
4014,2026-06-30 19:07:32,37077,Male,Android App,Verified Member,Gaming & Peripherals,"LG UltraGear 27-inch 240Hz QHD Gaming Monitor (Nano IPS 1ms, HDR10, G-SYNC Compatible, HDMI 2.1)",1,38990,38990,2948,4678,4379,299,High,Upi / Phonepe
4015,2026-07-02 01:07:32,89102,Male,Desktop Web,Verified Member,Audio,Apple AirPods Pro (2nd Generation) with MagSafe Case (USB-C) - Active Noise Cancellation & Adaptive Audio,1,23900,23900,1106,2868,2369,499,Low,Upi / Gpay
4016,2026-07-03 19:07:32,98201,Male,Desktop Web,Verified Member,Gaming & Peripherals,"Samsung Odyssey OLED G8 34-inch UWQHD Curved Gaming Monitor (175Hz, 0.03ms, Neo Quantum Processor, Smart TV)",1,99990,99990,1630,11998,11998,0,Low,Debit Card
4017,2026-07-05 02:07:32,37077,Female,Android App,Verified Member,Smartphones,"Samsung Galaxy S24 Ultra 5G (Titanium Gray, 12GB RAM, 512GB Storage)",1,129999,129999,2195,15599,15300,299,Low,Credit Card
4018,2026-07-06 21:07:32,37077,Female,Mobile Web,Verified Member,Smartphones,"Samsung Galaxy S24 Ultra 5G (Titanium Gray, 12GB RAM, 512GB Storage)",1,129999,129999,2653,15599,15599,0,High,Upi / Gpay
4019,2026-07-08 07:07:32,98201,Female,Desktop Web,Verified Member,Laptops & PCs,"HP OMEN 45L Gaming Desktop PC (AMD Ryzen 9 7900X, RTX 4070 Ti Super 16GB, 32GB DDR5 RAM, 1TB NVMe SSD)",1,234990,234990,2719,28198,27699,499,High,Credit Card
4020,2026-07-09 13:07:32,12044,Female,Ios App,Verified Member,Laptops & PCs,"Dell XPS 13 Laptop (Intel Core Ultra 7 155H, 13.4-inch 3K+ Touch OLED, 16GB RAM, 512GB SSD)",1,144990,144990,1658,17398,17199,199,Medium,Cod
4021,2026-07-11 04:07:32,12044,Male,Android App,Verified Member,Laptops & PCs,"Apple MacBook Pro 14-inch M3 Pro (18GB Unified Memory, 512GB SSD, Space Black)",1,199900,199900,895,23988,23789,199,Medium,Emi
4022,2026-07-12 14:07:32,89102,Female,Mobile Web,Verified Member,Smartwatches,"Samsung Galaxy Watch 6 Classic LTE 47mm (Black, Rotating Bezel, Sapphire Crystal Glass)",1,36999,36999,1177,4439,4240,199,High,Upi / Phonepe
4023,2026-07-14 00:07:32,98201,Female,Desktop Web,Verified Member,Chargers & Cables,Anker Prime 67W GaN Fast Wall Charger (3-Port USB-C & USB-A Power Adapter),1,3999,3999,607,479,180,299,Medium,Netbanking
4024,2026-07-15 18:07:32,37077,Female,Desktop Web,Verified Member,Laptops & PCs,"HP OMEN 45L Gaming Desktop PC (AMD Ryzen 9 7900X, RTX 4070 Ti Super 16GB, 32GB DDR5 RAM, 1TB NVMe SSD)",1,234990,234990,2213,28198,27699,499,Medium,Cod
4025,2026-07-17 03:07:32,37077,Male,Desktop Web,Verified Member,Cameras,"Canon EOS R50 Mirrorless Camera Body (24.2MP, 4K 30p Uncropped, Dual Pixel CMOS AF II, OLED EVF)",1,49990,49990,2108,5998,5699,299,Low,Upi / Gpay
4026,2026-07-18 18:07:32,37077,Male,Mobile Web,Verified Member,Laptops & PCs,"ASUS ROG Zephyrus G16 Gaming Laptop (16-inch 240Hz OLED, Intel Core Ultra 9, RTX 4070 8GB, 32GB RAM, 1TB SSD)",1,219990,219990,545,26398,26199,199,High,Credit Card
4027,2026-07-20 06:07:32,37077,Female,Mobile Web,Verified Member,Gaming & Peripherals,"Sony PlayStation 5 Console (Slim Disc Edition, 1TB SSD, DualSense Wireless Controller)",1,54990,54990,1893,6598,6598,0,High,Upi / Phonepe
4028,2026-07-21 12:07:32,37077,Female,Ios App,Verified Member,Laptops & PCs,"Dell XPS 13 Laptop (Intel Core Ultra 7 155H, 13.4-inch 3K+ Touch OLED, 16GB RAM, 512GB SSD)",1,144990,144990,1704,17398,17099,299,High,Netbanking
4029,2026-07-23 04:07:32,37077,Female,Desktop Web,Verified Member,Gaming & Peripherals,"HyperX Cloud III Wireless Gaming Headset (53mm Angled Drivers, 120 Hour Battery, DTS Spatial Audio, 10mm Mic)",1,12990,12990,875,1558,1558,0,High,Upi / Gpay
4030,2026-07-24 17:07:32,45120,Male,Mobile Web,Verified Member,Gaming & Peripherals,"Sony PlayStation 5 Console (Slim Disc Edition, 1TB SSD, DualSense Wireless Controller)",1,54990,54990,757,6598,6399,199,Medium,Debit Card
4031,2026-07-26 09:07:32,37077,Female,Mobile Web,Verified Member,Smartphones,"Xiaomi Redmi Note 13 Pro+ 5G (Fusion Purple, 12GB RAM, 256GB Storage)",1,31999,31999,2897,3839,3340,499,High,Upi / Gpay
4032,2026-07-27 13:07:32,37077,Male,Mobile Web,Verified Member,Smartwatches,Apple Watch Series 9 GPS 45mm (Midnight Aluminum Case with Midnight Sport Band),1,44900,44900,907,5388,4889,499,High,Upi / Phonepe
4033,2026-07-29 05:07:32,98201,Male,Desktop Web,Verified Member,Smartphones,"Google Pixel 8 Pro (Obsidian, 12GB RAM, 128GB Storage)",1,99999,99999,990,11999,11999,0,High,Upi / Phonepe
4034,2026-07-30 20:07:32,37077,Male,Ios App,Verified Member,Smartphones,"Nothing Phone (2a) 5G (Black, 8GB RAM, 128GB Storage)",1,23999,23999,2618,2879,2680,199,High,Upi / Gpay
