Product_ID,Product_ID,Product_Title,Brand,Description,Category,Price,Price,Original_Price,Discount,Rating,Rating,Rating_Count,Rating_Count,Image_URL,Ram_Storage,Processor,Camera_Specs,Battery,Store,feature_list,combined_text,reviews
1,1,Apple iPhone 15 Pro Max (256 GB) - Natural Titanium,Apple,"Apple iPhone 15 Pro Max with forged titanium design, Super Retina XDR OLED display, A17 Pro chip with 6-core GPU, 48MP main camera with 5x optical zoom telephoto, USB-C 3 speeds, and Action button.",Smartphones,149900,149900,159900,6% OFF,4.8,4.8,1420,1420,https://images.unsplash.com/photo-1695048133142-1a20484d2569?w=800&auto=format&fit=crop&q=80,8GB RAM | 256GB Storage,A17 Pro Bionic Chip,48MP Main + 12MP Ultra-wide + 12MP 5x Telephoto,4422 mAh (Up to 29 hrs Video Playback),Apple Official Store,"['Titanium Build', 'A17 Pro', '48MP Camera', 'Dynamic Island', 'USB-C 3']","Apple iPhone 15 Pro Max (256 GB) - Natural Titanium Apple iPhone 15 Pro Max with forged titanium design, Super Retina XDR OLED display, A17 Pro chip with 6-core GPU, 48MP main camera with 5x optical zoom telephoto, USB-C 3 speeds, and Action button. Smartphones Smartphones|Apple|Flagship|5G","[{""user"": ""Rohan Sharma"", ""rating"": 5, ""comment"": ""Unbelievable build quality and battery life! The 5x optical zoom is super sharp."", ""date"": ""2026-07-15""}, {""user"": ""Priya Patel"", ""rating"": 5, ""comment"": ""A17 Pro plays AAA games effortlessly. Titanium body feels premium yet light."", ""date"": ""2026-07-28""}]"
2,2,"Samsung Galaxy S24 Ultra 5G (Titanium Gray, 12GB RAM, 512GB Storage)",Samsung,"Samsung Galaxy S24 Ultra 5G powered by Galaxy AI, Snapdragon 8 Gen 3 for Galaxy, 200MP camera with Quad Tele system, Built-in S-Pen, Titanium Frame, and 6.8-inch QHD+ Dynamic AMOLED 2X display.",Smartphones,129999,129999,144999,10% OFF,4.7,4.7,2150,2150,https://images.unsplash.com/photo-1610945265064-0e34e5519bbf?w=800&auto=format&fit=crop&q=80,12GB RAM | 512GB Storage,Snapdragon 8 Gen 3 for Galaxy,200MP Main + 50MP Periscope + 12MP Ultra-wide + 10MP Telephoto,5000 mAh with 45W Super Fast Charging,Samsung India,"['Galaxy AI', '200MP Quad Camera', 'S-Pen Included', 'Titanium Armor Frame']","Samsung Galaxy S24 Ultra 5G (Titanium Gray, 12GB RAM, 512GB Storage) Samsung Galaxy S24 Ultra 5G powered by Galaxy AI, Snapdragon 8 Gen 3 for Galaxy, 200MP camera with Quad Tele system, Built-in S-Pen, Titanium Frame, and 6.8-inch QHD+ Dynamic AMOLED 2X display. Smartphones Smartphones|Samsung|Flagship|Galaxy|AI","[{""user"": ""Vikram Singh"", ""rating"": 5, ""comment"": ""Galaxy AI features like Circle to Search and Live Translate are game changers!"", ""date"": ""2026-06-10""}]"
3,3,"OnePlus 12 5G (Silky Black, 16GB RAM, 512GB Storage)",OnePlus,"OnePlus 12 5G featuring 4th Gen Hasselblad Camera System for Mobile, Snapdragon 8 Gen 3 Mobile Platform, 2K 120 Hz ProXDR Display, and 5400 mAh Battery with 100W SUPERVOOC Charging.",Smartphones,69999,69999,74999,7% OFF,4.6,4.6,3800,3800,https://images.unsplash.com/photo-1598327105666-5b89351aff97?w=800&auto=format&fit=crop&q=80,16GB RAM | 512GB Storage,Snapdragon 8 Gen 3,50MP Sony LYT-808 + 64MP Periscope + 48MP Ultra-wide Hasselblad,5400 mAh with 100W Wired & 50W AIRVOOC,OnePlus Direct,"['Hasselblad Camera', '100W SUPERVOOC', 'Snapdragon 8 Gen 3', '2K 120Hz ProXDR']","OnePlus 12 5G (Silky Black, 16GB RAM, 512GB Storage) OnePlus 12 5G featuring 4th Gen Hasselblad Camera System for Mobile, Snapdragon 8 Gen 3 Mobile Platform, 2K 120 Hz ProXDR Display, and 5400 mAh Battery with 100W SUPERVOOC Charging. Smartphones Smartphones|OnePlus|Flagship|Hasselblad","[{""user"": ""Amit Kumar"", ""rating"": 5, ""comment"": ""Charges from 1% to 100% in under 26 minutes! Super fast performance."", ""date"": ""2026-07-12""}]"
4,4,"Google Pixel 8 Pro (Obsidian, 12GB RAM, 128GB Storage)",Google,"Google Pixel 8 Pro powered by Google Tensor G3 with Google AI, fully upgraded pro triple cameras, Temperature sensor, Super Actua display, and 7 years of OS updates.",Smartphones,99999,99999,106999,7% OFF,4.5,4.5,980,980,https://images.unsplash.com/photo-1592899677977-9c10ca588bbd?w=800&auto=format&fit=crop&q=80,12GB RAM | 128GB Storage,Google Tensor G3,50MP Main + 48MP Ultra-wide + 48MP 5x Telephoto,5050 mAh with 30W Fast Charging,Google Store India,"['Tensor G3', 'Best AI Photography', 'Best Take', '7 Years Updates']","Google Pixel 8 Pro (Obsidian, 12GB RAM, 128GB Storage) Google Pixel 8 Pro powered by Google Tensor G3 with Google AI, fully upgraded pro triple cameras, Temperature sensor, Super Actua display, and 7 years of OS updates. Smartphones Smartphones|Google|Pixel|Camera|AI","[{""user"": ""Sanjay Rao"", ""rating"": 5, ""comment"": ""Best camera algorithms on any phone. Skin tones look natural."", ""date"": ""2026-06-20""}]"
5,5,"Nothing Phone (2a) 5G (Black, 8GB RAM, 128GB Storage)",Nothing,"Nothing Phone (2a) 5G with iconic Glyph Interface, MediaTek Dimensity 7200 Pro processor, 50 MP dual rear camera with OIS, 120Hz flexible AMOLED display, and Clean Nothing OS 2.5.",Smartphones,23999,23999,25999,8% OFF,4.4,4.4,5200,5200,https://images.unsplash.com/photo-1511707171634-5f897ff02aa9?w=800&auto=format&fit=crop&q=80,8GB RAM | 128GB Storage,Dimensity 7200 Pro,50MP OIS Main + 50MP Ultra-wide,5000 mAh with 45W Fast Charging,Nothing Official,"['Glyph Interface', 'Clean OS', '50MP Dual OIS Camera', '120Hz AMOLED']","Nothing Phone (2a) 5G (Black, 8GB RAM, 128GB Storage) Nothing Phone (2a) 5G with iconic Glyph Interface, MediaTek Dimensity 7200 Pro processor, 50 MP dual rear camera with OIS, 120Hz flexible AMOLED display, and Clean Nothing OS 2.5. Smartphones Smartphones|Nothing|Budget|Glyph","[{""user"": ""Karan Malhotra"", ""rating"": 5, ""comment"": ""Unique transparent design and glyph lights turn heads everywhere!"", ""date"": ""2026-07-22""}]"
6,6,"Xiaomi Redmi Note 13 Pro+ 5G (Fusion Purple, 12GB RAM, 256GB Storage)",Xiaomi,"Xiaomi Redmi Note 13 Pro+ 5G with 3D Curved 1.5K 120Hz AMOLED Display, 200MP OIS Camera with 4x lossless zoom, IP68 Water & Dust Resistance, and 120W HyperCharge.",Smartphones,31999,31999,35999,11% OFF,4.3,4.3,8400,8400,https://images.unsplash.com/photo-1565849904461-04a58ad377e0?w=800&auto=format&fit=crop&q=80,12GB RAM | 256GB Storage,Dimensity 7200-Ultra,200MP OIS Main + 8MP Ultra-wide + 2MP Macro,5000 mAh with 120W HyperCharge,Xiaomi India,"['200MP OIS Camera', '120W Charging', '3D Curved Display', 'IP68']","Xiaomi Redmi Note 13 Pro+ 5G (Fusion Purple, 12GB RAM, 256GB Storage) Xiaomi Redmi Note 13 Pro+ 5G with 3D Curved 1.5K 120Hz AMOLED Display, 200MP OIS Camera with 4x lossless zoom, IP68 Water & Dust Resistance, and 120W HyperCharge. Smartphones Smartphones|Xiaomi|Redmi|Camera","[{""user"": ""Deepak Joshi"", ""rating"": 4, ""comment"": ""Curved screen looks premium like a 70k phone."", ""date"": ""2026-07-05""}]"
7,7,"ASUS ROG Strix G16 Gaming Desktop PC (Intel Core i9-14900KF, RTX 4080 Super 16GB, 32GB DDR5, 2TB SSD, Liquid Cooled)",ASUS,"ASUS ROG Strix G16 flagship gaming desktop computer powered by 14th Gen Intel Core i9-14900KF processor, NVIDIA GeForce RTX 4080 Super 16GB GDDR6X GPU, 32GB DDR5 RAM, 2TB PCIe 4.0 NVMe SSD, 240mm liquid cooling system, and Aura Sync RGB glass side panel.",Laptops & PCs,289990,289990,319990,9% OFF,4.9,4.9,340,340,https://images.unsplash.com/photo-1587202372775-e229f172b9d7?w=800&auto=format&fit=crop&q=80,32GB DDR5 RAM | 2TB PCIe 4.0 NVMe SSD,14th Gen Intel Core i9-14900KF (24 Cores / 5.8GHz),N/A (Desktop Tower),850W 80 Gold Power Supply Unit,ASUS ROG Store,"['RTX 4080 Super 16GB', 'Liquid Cooled i9-14900KF', 'Tempered Glass RGB Case', 'Wi-Fi 6E']","ASUS ROG Strix G16 Gaming Desktop PC (Intel Core i9-14900KF, RTX 4080 Super 16GB, 32GB DDR5, 2TB SSD, Liquid Cooled) ASUS ROG Strix G16 flagship gaming desktop computer powered by 14th Gen Intel Core i9-14900KF processor, NVIDIA GeForce RTX 4080 Super 16GB GDDR6X GPU, 32GB DDR5 RAM, 2TB PCIe 4.0 NVMe SSD, 240mm liquid cooling system, and Aura Sync RGB glass side panel. Laptops & PCs Laptops & PCs|ASUS|ROG|GamingPC|Desktop|RTX4080","[{""user"": ""Yash Pal"", ""rating"": 5, ""comment"": ""Absolute monster PC! Runs Cyberpunk 2077 at 4K Ultra Ray Tracing at 120+ FPS easily."", ""date"": ""2026-07-29""}]"
8,8,"HP OMEN 45L Gaming Desktop PC (AMD Ryzen 9 7900X, RTX 4070 Ti Super 16GB, 32GB DDR5 RAM, 1TB NVMe SSD)",HP,"HP OMEN 45L Gaming Desktop with revolutionary Cryo Chamber cooling system, AMD Ryzen 9 7900X 12-core CPU, NVIDIA GeForce RTX 4070 Ti Super 16GB, 32GB Kingston FURY DDR5 RGB memory, and 1TB WD Black PCIe SSD.",Laptops & PCs,234990,234990,259990,10% OFF,4.8,4.8,290,290,https://images.unsplash.com/photo-1593640408182-31c70c8268f5?w=800&auto=format&fit=crop&q=80,32GB Kingston FURY DDR5 RAM | 1TB M.2 SSD,AMD Ryzen 9 7900X (12 Cores / 24 Threads),N/A (Desktop Tower),800W 80 Plus Gold PSU,HP Store India,"['OMEN Cryo Chamber', 'RTX 4070 Ti Super', 'Tool-less Glass Case', 'Kingston RGB RAM']","HP OMEN 45L Gaming Desktop PC (AMD Ryzen 9 7900X, RTX 4070 Ti Super 16GB, 32GB DDR5 RAM, 1TB NVMe SSD) HP OMEN 45L Gaming Desktop with revolutionary Cryo Chamber cooling system, AMD Ryzen 9 7900X 12-core CPU, NVIDIA GeForce RTX 4070 Ti Super 16GB, 32GB Kingston FURY DDR5 RGB memory, and 1TB WD Black PCIe SSD. Laptops & PCs Laptops & PCs|HP|OMEN|GamingPC|Desktop|RTX4070Ti","[{""user"": ""Harish Chandra"", ""rating"": 5, ""comment"": ""Patented Cryo Chamber keeps CPU temperatures under 65 degrees even on heavy rendering loads."", ""date"": ""2026-07-11""}]"
9,9,"Apple MacBook Air 15-inch M3 Chip (16GB RAM, 512GB SSD) - Starlight",Apple,"Apple MacBook Air 15-inch with M3 chip, 8-core CPU and 10-core GPU, Liquid Retina display, 1080p FaceTime HD camera, MagSafe 3 charging, and up to 18 hours of battery life.",Laptops & PCs,154900,154900,164900,6% OFF,4.9,4.9,890,890,https://images.unsplash.com/photo-1517336714731-489689fd1ca8?w=800&auto=format&fit=crop&q=80,16GB Unified Memory | 512GB SSD,Apple M3 Chip (8-Core CPU / 10-Core GPU),1080p FaceTime HD Camera,Up to 18 Hours Battery Life,Apple Official Store,"['M3 Chip', '15.3-inch Liquid Retina Display', 'Fanless Silent Design', 'MagSafe 3']","Apple MacBook Air 15-inch M3 Chip (16GB RAM, 512GB SSD) - Starlight Apple MacBook Air 15-inch with M3 chip, 8-core CPU and 10-core GPU, Liquid Retina display, 1080p FaceTime HD camera, MagSafe 3 charging, and up to 18 hours of battery life. Laptops & PCs Laptops & PCs|Apple|MacBook|Ultrabook|M3","[{""user"": ""Ananya Nair"", ""rating"": 5, ""comment"": ""Dead silent, blazing fast for video editing, and battery lasts 2 full workdays!"", ""date"": ""2026-06-18""}]"
10,10,"ASUS ROG Zephyrus G16 Gaming Laptop (16-inch 240Hz OLED, Intel Core Ultra 9, RTX 4070 8GB, 32GB RAM, 1TB SSD)",ASUS,"ASUS ROG Zephyrus G16 AI Gaming Laptop featuring 2.5K 240Hz ROG Nebula OLED display, Intel Core Ultra 9 185H processor, NVIDIA GeForce RTX 4070 GPU, CNC Aluminum chassis, and ROG Intelligent Cooling.",Laptops & PCs,219990,219990,249990,12% OFF,4.8,4.8,420,420,https://images.unsplash.com/photo-1603302576837-37561b2e2302?w=800&auto=format&fit=crop&q=80,32GB LPDDR5X RAM | 1TB PCIe 4.0 SSD,Intel Core Ultra 9 185H (16 Cores / NPU AI),1080p FHD IR Camera with Windows Hello,90Wh Battery with 100W USB-C PD Charging,ASUS ROG Store,"['240Hz OLED Display', 'RTX 4070 8GB', 'CNC Aluminum', 'Tri-Fan Cooling']","ASUS ROG Zephyrus G16 Gaming Laptop (16-inch 240Hz OLED, Intel Core Ultra 9, RTX 4070 8GB, 32GB RAM, 1TB SSD) ASUS ROG Zephyrus G16 AI Gaming Laptop featuring 2.5K 240Hz ROG Nebula OLED display, Intel Core Ultra 9 185H processor, NVIDIA GeForce RTX 4070 GPU, CNC Aluminum chassis, and ROG Intelligent Cooling. Laptops & PCs Laptops & PCs|ASUS|ROG|Gaming|RTX4070","[{""user"": ""Rahul Verma"", ""rating"": 5, ""comment"": ""OLED screen colors are breathtaking and Cyberpunk 2077 runs smooth at 90+ FPS!"", ""date"": ""2026-07-14""}]"
11,11,"Dell XPS 13 Laptop (Intel Core Ultra 7 155H, 13.4-inch 3K+ Touch OLED, 16GB RAM, 512GB SSD)",Dell,"Dell XPS 13 premium ultraportable laptop crafted with CNC machined aluminum, capacitive touch function row, seamless glass touchpad, InfinityEdge 3K+ OLED touchscreen, and Dolby Atmos audio.",Laptops & PCs,144990,144990,159990,9% OFF,4.6,4.6,610,610,https://images.unsplash.com/photo-1593642632823-8f785ba67e45?w=800&auto=format&fit=crop&q=80,16GB RAM | 512GB NVMe SSD,Intel Core Ultra 7 155H,FHD 1080p Web Camera,55Whr Battery with Fast Charge,Dell Official Store,"['InfinityEdge 3K+ OLED Touch', 'CNC Aluminum', 'Glass Touchpad', 'Dolby Atmos']","Dell XPS 13 Laptop (Intel Core Ultra 7 155H, 13.4-inch 3K+ Touch OLED, 16GB RAM, 512GB SSD) Dell XPS 13 premium ultraportable laptop crafted with CNC machined aluminum, capacitive touch function row, seamless glass touchpad, InfinityEdge 3K+ OLED touchscreen, and Dolby Atmos audio. Laptops & PCs Laptops & PCs|Dell|XPS|Ultrabook|OLED","[{""user"": ""Meera Sen"", ""rating"": 4, ""comment"": ""Minimalist futuristic design. Touchpad takes 1 day to get used to."", ""date"": ""2026-06-25""}]"
27,12,"Apple MacBook Pro 14-inch M3 Pro (18GB Unified Memory, 512GB SSD, Space Black)",Apple,"Apple MacBook Pro 14-inch with M3 Pro chip (11-core CPU, 14-core GPU), 18GB unified memory, 512GB SSD, Liquid Retina XDR display, 1080p FaceTime HD camera, six-speaker sound system, and HDMI 2.1 port.",Laptops & PCs,199900,199900,214900,7% OFF,4.9,4.9,1250,1250,https://images.unsplash.com/photo-1517336714731-489689fd1ca8?w=800&auto=format&fit=crop&q=80,18GB Unified Memory | 512GB SSD,Apple M3 Pro Chip (11-Core CPU / 14-Core GPU),1080p FaceTime HD Camera,Up to 18 Hours Battery Life,Apple Official Store,"['M3 Pro Chip', 'Liquid Retina XDR', 'Space Black Finish', 'HDMI & SDXC Slot']","Apple MacBook Pro 14-inch M3 Pro (18GB Unified Memory, 512GB SSD, Space Black) Apple MacBook Pro 14-inch with M3 Pro chip (11-core CPU, 14-core GPU), 18GB unified memory, 512GB SSD, Liquid Retina XDR display, 1080p FaceTime HD camera, six-speaker sound system, and HDMI 2.1 port. Laptops & PCs Laptops & PCs|Apple|MacBook|MacBookPro|M3Pro|Laptop","[{""user"": ""Karthik R."", ""rating"": 5, ""comment"": ""The M3 Pro chip renders 4K multi-cam timelines in Final Cut Pro effortlessly!"", ""date"": ""2026-07-28""}]"
28,13,"Lenovo LOQ 15 Gaming Laptop (Intel Core i5-12450HX, RTX 3050 6GB, 16GB DDR5, 512GB SSD, 144Hz FHD)",Lenovo,"Lenovo LOQ 15IAX9 gaming laptop powered by 12th Gen Intel Core i5-12450HX processor, NVIDIA GeForce RTX 3050 6GB GDDR6 graphics, 16GB DDR5 RAM, 512GB PCIe 4.0 SSD, 15.6-inch FHD 144Hz 100% sRGB display, and G-SYNC.",Laptops & PCs,59990,59990,78990,24% OFF,4.7,4.7,2340,2340,https://images.unsplash.com/photo-1603302576837-37561b2e2302?w=800&auto=format&fit=crop&q=80,16GB DDR5 RAM | 512GB M.2 PCIe SSD,12th Gen Intel Core i5-12450HX,720p HD Camera with E-shutter,60Whr Battery with 170W Fast Charger,Lenovo Store,"['RTX 3050 6GB', '144Hz 100% sRGB', 'LA1 AI Chip', 'DDR5 RAM']","Lenovo LOQ 15 Gaming Laptop (Intel Core i5-12450HX, RTX 3050 6GB, 16GB DDR5, 512GB SSD, 144Hz FHD) Lenovo LOQ 15IAX9 gaming laptop powered by 12th Gen Intel Core i5-12450HX processor, NVIDIA GeForce RTX 3050 6GB GDDR6 graphics, 16GB DDR5 RAM, 512GB PCIe 4.0 SSD, 15.6-inch FHD 144Hz 100% sRGB display, and G-SYNC. Laptops & PCs Laptops & PCs|Lenovo|LOQ|Gaming|Laptop|RTX3050","[{""user"": ""Saurabh Sharma"", ""rating"": 5, ""comment"": ""Best gaming laptop under 60k! 6GB VRAM on RTX 3050 runs GTA V and Valorant smoothly."", ""date"": ""2026-07-15""}]"
29,14,"ASUS TUF Gaming F15 Laptop (Intel Core i5-11400H, RTX 3050 4GB, 16GB RAM, 512GB SSD, 144Hz FHD)",ASUS,"ASUS TUF Gaming F15 laptop featuring 11th Gen Intel Core i5-11400H, NVIDIA GeForce RTX 3050 4GB GPU, 16GB DDR4 RAM, 512GB PCIe SSD, 15.6-inch FHD 144Hz IPS-level display, RGB backlit keyboard, and Military-grade MIL-STD-810H durability.",Laptops & PCs,52990,52990,74990,29% OFF,4.6,4.6,4820,4820,https://images.unsplash.com/photo-1588872657578-7efd1f1555ed?w=800&auto=format&fit=crop&q=80,16GB DDR4 RAM | 512GB M.2 NVMe SSD,11th Gen Intel Core i5-11400H,720p HD Camera,48Whr Battery,ASUS Store India,"['144Hz FHD Display', 'RTX 3050 4GB', 'Military Grade Durability', 'RGB Keyboard']","ASUS TUF Gaming F15 Laptop (Intel Core i5-11400H, RTX 3050 4GB, 16GB RAM, 512GB SSD, 144Hz FHD) ASUS TUF Gaming F15 laptop featuring 11th Gen Intel Core i5-11400H, NVIDIA GeForce RTX 3050 4GB GPU, 16GB DDR4 RAM, 512GB PCIe SSD, 15.6-inch FHD 144Hz IPS-level display, RGB backlit keyboard, and Military-grade MIL-STD-810H durability. Laptops & PCs Laptops & PCs|ASUS|TUF|Gaming|Laptop","[{""user"": ""Praveen V."", ""rating"": 5, ""comment"": ""Durable build quality and handles college coding and heavy gaming easily."", ""date"": ""2026-06-30""}]"
30,15,"Acer Nitro V 15 Gaming Laptop (Intel Core i5-13420H, RTX 4050 6GB, 16GB DDR5, 512GB SSD, 144Hz FHD)",Acer,"Acer Nitro V 15 gaming laptop powered by 13th Gen Intel Core i5-13420H processor, NVIDIA GeForce RTX 4050 6GB GDDR6 graphics with DLSS 3, 16GB DDR5 RAM, 512GB Gen4 SSD, 15.6-inch 144Hz IPS display, and Dual-fan cooling.",Laptops & PCs,62990,62990,79999,21% OFF,4.7,4.7,1890,1890,https://images.unsplash.com/photo-1603302576837-37561b2e2302?w=800&auto=format&fit=crop&q=80,16GB DDR5 RAM | 512GB PCIe Gen4 SSD,13th Gen Intel Core i5-13420H,720p HD Camera with Temporal Noise Reduction,57Whr Battery,Acer Official Store,"['RTX 4050 6GB DLSS3', '13th Gen i5', '144Hz IPS Screen', 'Dual Fan Thermal Control']","Acer Nitro V 15 Gaming Laptop (Intel Core i5-13420H, RTX 4050 6GB, 16GB DDR5, 512GB SSD, 144Hz FHD) Acer Nitro V 15 gaming laptop powered by 13th Gen Intel Core i5-13420H processor, NVIDIA GeForce RTX 4050 6GB GDDR6 graphics with DLSS 3, 16GB DDR5 RAM, 512GB Gen4 SSD, 15.6-inch 144Hz IPS display, and Dual-fan cooling. Laptops & PCs Laptops & PCs|Acer|Nitro|Gaming|Laptop|RTX4050","[{""user"": ""Rohan M."", ""rating"": 5, ""comment"": ""DLSS 3 frame generation gives massive boost in FPS for Cyberpunk and Forza Horizon 5!"", ""date"": ""2026-07-22""}]"
31,16,"HP Victus 15 Gaming Laptop (AMD Ryzen 5 5600H, RTX 3050 4GB, 16GB RAM, 512GB SSD, 144Hz FHD)",HP,"HP Victus 15 gaming laptop featuring AMD Ryzen 5 5600H 6-core processor, NVIDIA GeForce RTX 3050 4GB GPU, 16GB DDR4 RAM, 512GB PCIe NVMe SSD, 15.6-inch FHD 144Hz anti-glare display, and B&O tuned audio.",Laptops & PCs,49990,49990,68990,27% OFF,4.5,4.5,3100,3100,https://images.unsplash.com/photo-1593642632823-8f785ba67e45?w=800&auto=format&fit=crop&q=80,16GB DDR4 RAM | 512GB M.2 PCIe SSD,AMD Ryzen 5 5600H (6 Cores / 12 Threads),HP Wide Vision 720p HD Camera,52.5Whr Battery with HP Fast Charge,HP Store India,"['Ryzen 5 5600H', 'RTX 3050 4GB', '144Hz Display', 'Audio by Bang & Olufsen']","HP Victus 15 Gaming Laptop (AMD Ryzen 5 5600H, RTX 3050 4GB, 16GB RAM, 512GB SSD, 144Hz FHD) HP Victus 15 gaming laptop featuring AMD Ryzen 5 5600H 6-core processor, NVIDIA GeForce RTX 3050 4GB GPU, 16GB DDR4 RAM, 512GB PCIe NVMe SSD, 15.6-inch FHD 144Hz anti-glare display, and B&O tuned audio. Laptops & PCs Laptops & PCs|HP|Victus|Gaming|Laptop","[{""user"": ""Aditya K."", ""rating"": 5, ""comment"": ""Sleek subtle design that doesn't scream gamer. Great for office and gaming."", ""date"": ""2026-07-10""}]"
32,17,"Dell G15 5530 Gaming Laptop (Intel Core i5-13450HX, RTX 3050 6GB, 16GB DDR5, 1TB SSD, 120Hz FHD)",Dell,"Dell G15 5530 gaming laptop engineered with Alienware-inspired thermal design, 13th Gen Intel Core i5-13450HX processor, NVIDIA GeForce RTX 3050 6GB, 16GB DDR5 RAM, 1TB PCIe NVMe SSD, and 15.6-inch FHD 120Hz display.",Laptops & PCs,71990,71990,89990,20% OFF,4.6,4.6,1120,1120,https://images.unsplash.com/photo-1588872657578-7efd1f1555ed?w=800&auto=format&fit=crop&q=80,16GB DDR5 RAM | 1TB PCIe NVMe SSD,13th Gen Intel Core i5-13450HX,720p HD Camera with Dual Microphones,56Whr Battery,Dell Official Store,"['Alienware Cooling Tech', 'RTX 3050 6GB', '1TB SSD', 'Game Shift Key']","Dell G15 5530 Gaming Laptop (Intel Core i5-13450HX, RTX 3050 6GB, 16GB DDR5, 1TB SSD, 120Hz FHD) Dell G15 5530 gaming laptop engineered with Alienware-inspired thermal design, 13th Gen Intel Core i5-13450HX processor, NVIDIA GeForce RTX 3050 6GB, 16GB DDR5 RAM, 1TB PCIe NVMe SSD, and 15.6-inch FHD 120Hz display. Laptops & PCs Laptops & PCs|Dell|G15|Gaming|Laptop","[{""user"": ""Deepak N."", ""rating"": 5, ""comment"": ""Alienware cooling tech keeps thermals under control. 1TB SSD space is a big plus."", ""date"": ""2026-07-08""}]"
12,18,"Sony Alpha 7 IV Full-Frame Mirrorless Camera Body (33MP, 4K 60p, Real-Time Eye AF, 5-Axis OIS)",Sony,"Sony Alpha 7 IV full-frame mirrorless camera featuring 33MP Exmor R CMOS sensor, BIONZ XR processing engine, 4K 60p 10-bit 4:2:2 video, 759-point AF with Real-time Eye AF for Humans/Animals/Birds.",Cameras,214990,214990,229990,7% OFF,4.9,4.9,1150,1150,https://images.unsplash.com/photo-1516035069371-29a1b244cc32?w=800&auto=format&fit=crop&q=80,Dual SD/CFexpress Type A Slots,BIONZ XR Image Processor,33MP Full-Frame Exmor R Sensor | 4K 60p 10-bit 4:2:2,NP-FZ100 Rechargeable Battery (580 shots),Sony Center India,"['33MP Full-Frame', '4K 60p Video', 'Real-Time Eye AF', '5-Axis In-Body Stabilization']","Sony Alpha 7 IV Full-Frame Mirrorless Camera Body (33MP, 4K 60p, Real-Time Eye AF, 5-Axis OIS) Sony Alpha 7 IV full-frame mirrorless camera featuring 33MP Exmor R CMOS sensor, BIONZ XR processing engine, 4K 60p 10-bit 4:2:2 video, 759-point AF with Real-time Eye AF for Humans/Animals/Birds. Cameras Cameras|Sony|Alpha|Mirrorless|Full-Frame","[{""user"": ""Manish Kulkarni"", ""rating"": 5, ""comment"": ""Gold standard hybrid camera for weddings and commercial video shoots."", ""date"": ""2026-07-01""}]"
13,19,"Sony ZV-E10 Mirrorless Vlog Camera (24.2MP, 4K Video, Vari-Angle Touchscreen, Directional 3-Capsule Mic)",Sony,"Sony ZV-E10 APS-C interchangeable lens mirrorless vlogging camera featuring 24.2MP Exmor CMOS sensor, 4K HDR video recording, Product Showcase setting, Background Defocus button, and 3-Capsule Mic with windscreen.",Cameras,47990,47990,52990,9% OFF,4.7,4.7,3420,3420,https://images.unsplash.com/photo-1502920917128-1aa500764cbd?w=800&auto=format&fit=crop&q=80,Single SD UHS-I Card Slot,BIONZ X Image Processor,24.2MP APS-C Exmor CMOS | 4K 30p 100Mbps Video,NP-FW50 Battery (440 shots / 80 min video),Sony Center India,"['24.2MP Sensor', 'Vari-Angle Screen', 'Product Showcase', 'Background Defocus']","Sony ZV-E10 Mirrorless Vlog Camera (24.2MP, 4K Video, Vari-Angle Touchscreen, Directional 3-Capsule Mic) Sony ZV-E10 APS-C interchangeable lens mirrorless vlogging camera featuring 24.2MP Exmor CMOS sensor, 4K HDR video recording, Product Showcase setting, Background Defocus button, and 3-Capsule Mic with windscreen. Cameras Cameras|Sony|Alpha|Vlog|Mirrorless|Budget","[{""user"": ""Siddharth Verma"", ""rating"": 5, ""comment"": ""Best vlogging camera under 50k! Product showcase mode switches focus instantly."", ""date"": ""2026-07-19""}]"
14,20,"Canon EOS R50 Mirrorless Camera Body (24.2MP, 4K 30p Uncropped, Dual Pixel CMOS AF II, OLED EVF)",Canon,"Canon EOS R50 compact lightweight mirrorless camera featuring 24.2MP APS-C CMOS sensor, DIGIC X processor, Dual Pixel CMOS AF II with subject detection, 4K 30p uncropped video, and 15 fps electronic burst.",Cameras,49990,49990,54990,9% OFF,4.8,4.8,1850,1850,https://images.unsplash.com/photo-1516035069371-29a1b244cc32?w=800&auto=format&fit=crop&q=80,Single SD UHS-I Card Slot,DIGIC X Image Processor,24.2MP APS-C CMOS | 4K 30p Uncropped | 6K Oversampled,LP-E17 Rechargeable Li-ion,Canon India,"['24.2MP Sensor', 'Dual Pixel AF II', 'Compact 375g Body', '4K 30p']","Canon EOS R50 Mirrorless Camera Body (24.2MP, 4K 30p Uncropped, Dual Pixel CMOS AF II, OLED EVF) Canon EOS R50 compact lightweight mirrorless camera featuring 24.2MP APS-C CMOS sensor, DIGIC X processor, Dual Pixel CMOS AF II with subject detection, 4K 30p uncropped video, and 15 fps electronic burst. Cameras Cameras|Canon|EOS|Mirrorless|Compact|Budget","[{""user"": ""Akash Deshmukh"", ""rating"": 5, ""comment"": ""Super sharp 4K video and animal eye tracking works brilliantly."", ""date"": ""2026-07-10""}]"
15,21,"GoPro HERO12 Black Waterproof Action Camera (5.3K60 Video, 27MP Photos, HDR, HyperSmooth 6.0)",GoPro,"GoPro HERO12 Black waterproof action camera featuring 5.3K60 and 4K120 video, 27MP photos, Emmy Award-winning HyperSmooth 6.0 video stabilization, HDR video, Bluetooth audio support, and dual LCD screens.",Cameras,37990,37990,45000,16% OFF,4.7,4.7,6200,6200,https://images.unsplash.com/photo-1526170375885-4d8ecf77b99f?w=800&auto=format&fit=crop&q=80,MicroSD Slot (Up to 512GB),GP2 Image Processor,27MP 1/1.9-inch Sensor | 5.3K 60fps / 4K 120fps,1720 mAh Enduro Battery (70 min 5.3K),GoPro Official Store,"['5.3K60 Video', 'HyperSmooth 6.0 Stabilization', 'Waterproof 33ft', 'HDR Video']","GoPro HERO12 Black Waterproof Action Camera (5.3K60 Video, 27MP Photos, HDR, HyperSmooth 6.0) GoPro HERO12 Black waterproof action camera featuring 5.3K60 and 4K120 video, 27MP photos, Emmy Award-winning HyperSmooth 6.0 video stabilization, HDR video, Bluetooth audio support, and dual LCD screens. Cameras Cameras|GoPro|Action|Waterproof|5.3K","[{""user"": ""Nikhil Motovlog"", ""rating"": 5, ""comment"": ""HyperSmooth 6.0 stabilization makes bumpy bike rides look like a Hollywood drone shot!"", ""date"": ""2026-07-25""}]"
16,22,"Fujifilm X-T5 Mirrorless Camera Body (40.2MP APS-C X-Trans CMOS 5 HR Sensor, 6.2K Video, Silver)",Fujifilm,"Fujifilm X-T5 photography-first mirrorless camera featuring 40.2MP X-Trans 5 HR sensor, X-Processor 5, 19 Film Simulation modes, 7-stop IBIS, 3-way tilting LCD, and classic analog control dials.",Cameras,169990,169990,184990,8% OFF,4.9,4.9,510,510,https://images.unsplash.com/photo-1526170375885-4d8ecf77b99f?w=800&auto=format&fit=crop&q=80,Dual SD UHS-II Slots,X-Processor 5 Engine,40.2MP X-Trans CMOS 5 HR | 6.2K 30p 10-bit Video,NP-W235 Battery (Up to 700 frames),Fujifilm Store,"['40.2MP High-Res Sensor', '19 Film Simulations', 'Classic Dial Controls', '7-stop IBIS']","Fujifilm X-T5 Mirrorless Camera Body (40.2MP APS-C X-Trans CMOS 5 HR Sensor, 6.2K Video, Silver) Fujifilm X-T5 photography-first mirrorless camera featuring 40.2MP X-Trans 5 HR sensor, X-Processor 5, 19 Film Simulation modes, 7-stop IBIS, 3-way tilting LCD, and classic analog control dials. Cameras Cameras|Fujifilm|APS-C|Retro|FilmSimulation","[{""user"": ""Arjun Saxena"", ""rating"": 5, ""comment"": ""Film simulations produce SOOC JPEGs that need zero color grading."", ""date"": ""2026-07-21""}]"
15,23,"Sony WH-1000XM5 Wireless Premium Noise Canceling Headphones (Silver, 30 Hr Battery, Auto NC Optimizer)",Sony,"Sony WH-1000XM5 industry-leading noise canceling headphones with two processors and 8 microphones, Auto NC Optimizer, Speak-to-Chat technology, 30-hour battery life, and ultra-comfortable lightweight design.",Audio,29990,29990,34990,14% OFF,4.7,4.7,6800,6800,https://images.unsplash.com/photo-1505740420928-5e560c06d30e?w=800&auto=format&fit=crop&q=80,Bluetooth 5.2 / LDAC / AAC,Processor V1 + HD Noise Canceling Processor QN1,4 Beamforming Mics for Calls,30 Hours Battery (3 min Charge = 3 Hours),Sony Official,"['Industry-leading ANC', '30-Hour Battery', 'Multipoint Bluetooth', 'LDAC High-Res Audio']","Sony WH-1000XM5 Wireless Premium Noise Canceling Headphones (Silver, 30 Hr Battery, Auto NC Optimizer) Sony WH-1000XM5 industry-leading noise canceling headphones with two processors and 8 microphones, Auto NC Optimizer, Speak-to-Chat technology, 30-hour battery life, and ultra-comfortable lightweight design. Audio Audio|Sony|Headphones|ANC|Wireless","[{""user"": ""Gautam Sethi"", ""rating"": 5, ""comment"": ""Cancels out airplane engine noise completely. Super comfy soft leather cups."", ""date"": ""2026-06-19""}]"
16,24,Apple AirPods Pro (2nd Generation) with MagSafe Case (USB-C) - Active Noise Cancellation & Adaptive Audio,Apple,"Apple AirPods Pro 2nd Gen featuring H2 chip, up to 2x more Active Noise Cancellation, Adaptive Audio, Transparency mode, Personalized Spatial Audio with dynamic head tracking, and USB-C MagSafe Charging Case.",Audio,23900,23900,24900,4% OFF,4.8,4.8,9500,9500,https://images.unsplash.com/photo-1600294037681-c80b4cb5b434?w=800&auto=format&fit=crop&q=80,Bluetooth 5.3 / Apple H2 Chip,Apple H2 Headphone Chip,Dual Beamforming Mics,6 Hours Earbud (30 Hours Total with USB-C Case),Apple Official Store,"['Apple H2 Chip', '2x Noise Cancellation', 'Adaptive Audio', 'MagSafe USB-C Case']","Apple AirPods Pro (2nd Generation) with MagSafe Case (USB-C) - Active Noise Cancellation & Adaptive Audio Apple AirPods Pro 2nd Gen featuring H2 chip, up to 2x more Active Noise Cancellation, Adaptive Audio, Transparency mode, Personalized Spatial Audio with dynamic head tracking, and USB-C MagSafe Charging Case. Audio Audio|Apple|AirPods|Earbuds|ANC","[{""user"": ""Rhea Menon"", ""rating"": 5, ""comment"": ""Seamless switching between iPhone and MacBook."", ""date"": ""2026-07-11""}]"
17,25,"Samsung Odyssey OLED G8 34-inch UWQHD Curved Gaming Monitor (175Hz, 0.03ms, Neo Quantum Processor, Smart TV)",Samsung,"Samsung Odyssey OLED G8 34-inch Ultra-WQHD (3440 x 1440) 1800R curved gaming monitor featuring Quantum Dot OLED technology, 175Hz refresh rate, 0.03ms response time, VESA DisplayHDR True Black 400, Gaming Hub, and Slim Metal Design.",Gaming & Peripherals,99990,99990,119990,17% OFF,4.9,4.9,680,680,https://images.unsplash.com/photo-1527443224154-c4a3942d3acf?w=800&auto=format&fit=crop&q=80,34-inch 21:9 UWQHD QD-OLED Panel,Neo Quantum Processor O,N/A (Gaming Monitor),AC Powered (65W USB-C PD Output),Samsung Direct,"['34-inch QD-OLED 175Hz', '0.03ms Response', '1800R Curve', 'Neo Quantum Engine']","Samsung Odyssey OLED G8 34-inch UWQHD Curved Gaming Monitor (175Hz, 0.03ms, Neo Quantum Processor, Smart TV) Samsung Odyssey OLED G8 34-inch Ultra-WQHD (3440 x 1440) 1800R curved gaming monitor featuring Quantum Dot OLED technology, 175Hz refresh rate, 0.03ms response time, VESA DisplayHDR True Black 400, Gaming Hub, and Slim Metal Design. Gaming & Peripherals Gaming & Peripherals|Samsung|Monitor|OLED|175Hz|Curved","[{""user"": ""Varun Taneja"", ""rating"": 5, ""comment"": ""Infinite contrast ratio and true blacks make games look unreal! Best monitor I've ever owned."", ""date"": ""2026-07-28""}]"
18,26,"LG UltraGear 27-inch 240Hz QHD Gaming Monitor (Nano IPS 1ms, HDR10, G-SYNC Compatible, HDMI 2.1)",LG,"LG UltraGear 27GR83Q 27-inch QHD (2560 x 1440) esports gaming monitor featuring Nano IPS panel, 240Hz refresh rate, 1ms (GtG) response time, NVIDIA G-SYNC & AMD FreeSync Premium Pro, and HDMI 2.1 VRR support.",Gaming & Peripherals,38990,38990,45000,13% OFF,4.7,4.7,1420,1420,https://images.unsplash.com/photo-1547082299-de196ea013d6?w=800&auto=format&fit=crop&q=80,27-inch QHD (2560x1440) Nano IPS,NVIDIA G-SYNC Compatible Engine,N/A (Gaming Monitor),AC Powered,LG Electronics India,"['240Hz Refresh Rate', 'Nano IPS 1ms GtG', 'HDMI 2.1 VRR', 'Height & Tilt Stand']","LG UltraGear 27-inch 240Hz QHD Gaming Monitor (Nano IPS 1ms, HDR10, G-SYNC Compatible, HDMI 2.1) LG UltraGear 27GR83Q 27-inch QHD (2560 x 1440) esports gaming monitor featuring Nano IPS panel, 240Hz refresh rate, 1ms (GtG) response time, NVIDIA G-SYNC & AMD FreeSync Premium Pro, and HDMI 2.1 VRR support. Gaming & Peripherals Gaming & Peripherals|LG|Monitor|240Hz|QHD|NanoIPS","[{""user"": ""Shubham Gill"", ""rating"": 5, ""comment"": ""240Hz at 1440p resolution is the sweet spot for competitive shooter games."", ""date"": ""2026-07-16""}]"
19,27,"Logitech G Pro X Superlight 2 Wireless Gaming Mouse (60g Ultra-Light, HERO 2 Sensor, 32K DPI, Black)",Logitech,"Logitech G Pro X Superlight 2 Lightspeed wireless gaming mouse engineered with top esports pros. Features 60-gram ultra-lightweight design, HERO 2 sensor with 32,000 DPI, LIGHTFORCE hybrid switches, and 95-hour battery life.",Gaming & Peripherals,13995,13995,15995,13% OFF,4.9,4.9,3100,3100,https://images.unsplash.com/photo-1615663245857-ac93bb7c39e7?w=800&auto=format&fit=crop&q=80,Onboard Memory Profiles,"Logitech HERO 2 Sensor (32,000 DPI)",,95 Hours Constant Motion Battery Life,Logitech G Store,"['60g Ultra Lightweight', '32K DPI HERO 2 Sensor', 'LIGHTFORCE Hybrid Switches', '95h Battery']","Logitech G Pro X Superlight 2 Wireless Gaming Mouse (60g Ultra-Light, HERO 2 Sensor, 32K DPI, Black) Logitech G Pro X Superlight 2 Lightspeed wireless gaming mouse engineered with top esports pros. Features 60-gram ultra-lightweight design, HERO 2 sensor with 32,000 DPI, LIGHTFORCE hybrid switches, and 95-hour battery life. Gaming & Peripherals Gaming & Peripherals|Logitech|Mouse|Wireless|Esports","[{""user"": ""Chetan FPS"", ""rating"": 5, ""comment"": ""Flicks in CS2 feel effortless thanks to the 60g weight and zero wireless latency."", ""date"": ""2026-07-23""}]"
20,28,"Razer BlackWidow V4 Pro Mechanical Gaming Keyboard (Green Clicky Switches, Chroma RGB, Command Dial)",Razer,"Razer BlackWidow V4 Pro full-size mechanical gaming keyboard featuring Razer Green tactile clicky switches, Razer Command Dial, 8 dedicated macro keys, 8000Hz polling rate, plush magnetic wrist rest, and per-key Chroma RGB.",Gaming & Peripherals,22999,22999,25999,12% OFF,4.7,4.7,1450,1450,https://images.unsplash.com/photo-1587829741301-dc798b83add3?w=800&auto=format&fit=crop&q=80,Hybrid On-Board & Cloud Storage,Razer HyperPolling 8000Hz Engine,,USB-C Detachable Braided Cable,Razer Official Store,"['Razer Green Mechanical Switches', 'Command Dial', '8 Macro Keys', 'Chroma RGB Underglow']","Razer BlackWidow V4 Pro Mechanical Gaming Keyboard (Green Clicky Switches, Chroma RGB, Command Dial) Razer BlackWidow V4 Pro full-size mechanical gaming keyboard featuring Razer Green tactile clicky switches, Razer Command Dial, 8 dedicated macro keys, 8000Hz polling rate, plush magnetic wrist rest, and per-key Chroma RGB. Gaming & Peripherals Gaming & Peripherals|Razer|Keyboard|Mechanical|RGB","[{""user"": ""Deepanshu Bansal"", ""rating"": 5, ""comment"": ""Tactile clicky feedback is super satisfying. Command dial is great for volume."", ""date"": ""2026-07-04""}]"
21,29,"HyperX Cloud III Wireless Gaming Headset (53mm Angled Drivers, 120 Hour Battery, DTS Spatial Audio, 10mm Mic)",HyperX,"HyperX Cloud III Wireless Gaming Headset featuring re-engineered 53mm angled drivers, signature memory foam comfort, ultra-clear 10mm noise-canceling mic, DTS Headphone:X Spatial Audio, and up to 120 hours of battery life.",Gaming & Peripherals,12990,12990,15990,19% OFF,4.8,4.8,2890,2890,https://images.unsplash.com/photo-1599669454699-24889d6df33b?w=800&auto=format&fit=crop&q=80,2.4GHz Wireless USB-C Dongle,DTS Headphone:X Spatial Audio DSP,10mm Ultra-Clear Noise-Canceling Mic,120 Hours Continuous Battery Life,HyperX Official Store,"['120 Hour Battery', '53mm Angled Drivers', 'Memory Foam Comfort', 'DTS 3D Spatial Audio']","HyperX Cloud III Wireless Gaming Headset (53mm Angled Drivers, 120 Hour Battery, DTS Spatial Audio, 10mm Mic) HyperX Cloud III Wireless Gaming Headset featuring re-engineered 53mm angled drivers, signature memory foam comfort, ultra-clear 10mm noise-canceling mic, DTS Headphone:X Spatial Audio, and up to 120 hours of battery life. Gaming & Peripherals Gaming & Peripherals|HyperX|Headset|Wireless|Gaming","[{""user"": ""Aman Shrivastav"", ""rating"": 5, ""comment"": ""120 hours battery means charging only once a month. Mic quality is crystal clear."", ""date"": ""2026-07-17""}]"
22,30,"Sony PlayStation 5 Console (Slim Disc Edition, 1TB SSD, DualSense Wireless Controller)",Sony,"Sony PlayStation 5 (PS5 Slim Disc Edition) gaming console featuring 1TB high-speed SSD, Tempest 3D AudioTech, ray tracing, 4K 120Hz HDR output, and DualSense wireless controller with haptic feedback & adaptive triggers.",Gaming & Peripherals,54990,54990,54990,0%,4.9,4.9,8900,8900,https://images.unsplash.com/photo-1606813907291-d86efa9b94db?w=800&auto=format&fit=crop&q=80,16GB GDDR6 RAM | 1TB Custom SSD,AMD Zen 2 8-Core CPU / RDNA 2 GPU,,AC Mains Powered,Sony Center India,"['1TB High Speed SSD', 'Ray Tracing 4K 120Hz', 'DualSense Haptics', 'Tempest 3D Audio']","Sony PlayStation 5 Console (Slim Disc Edition, 1TB SSD, DualSense Wireless Controller) Sony PlayStation 5 (PS5 Slim Disc Edition) gaming console featuring 1TB high-speed SSD, Tempest 3D AudioTech, ray tracing, 4K 120Hz HDR output, and DualSense wireless controller with haptic feedback & adaptive triggers. Gaming & Peripherals Gaming & Peripherals|Sony|PS5|Console|4K120","[{""user"": ""Siddharth Das"", ""rating"": 5, ""comment"": ""Spider-Man 2 and God of War Ragnarok load in 2 seconds flat! Mindblowing console."", ""date"": ""2026-07-20""}]"
23,31,Anker Prime 67W GaN Fast Wall Charger (3-Port USB-C & USB-A Power Adapter),Anker,"Anker Prime 67W GaN 3-port fast wall charger with GaNPrime technology, ActiveShield 2.0 safety protection, foldable plug, capable of fast charging MacBook Pro, iPhone 15, iPad, and Samsung Galaxy simultaneously.",Chargers & Cables,3999,3999,4999,20% OFF,4.6,4.6,4100,4100,https://images.unsplash.com/photo-1583863788434-e58a36330cf0?w=800&auto=format&fit=crop&q=80,Dual USB-C + Single USB-A Port,GaNPrime Tech + ActiveShield 2.0,,67W Ultra-Fast Power Delivery Output,Anker Official Store,"['67W Fast Charging', 'GaN Tech', 'Compact Foldable Plug', 'Triple Device Charge']","Anker Prime 67W GaN Fast Wall Charger (3-Port USB-C & USB-A Power Adapter) Anker Prime 67W GaN 3-port fast wall charger with GaNPrime technology, ActiveShield 2.0 safety protection, foldable plug, capable of fast charging MacBook Pro, iPhone 15, iPad, and Samsung Galaxy simultaneously. Chargers & Cables Chargers & Cables|Anker|FastCharger|GaN|USB-C","[{""user"": ""Tarun Jha"", ""rating"": 5, ""comment"": ""Replaced 3 brick chargers in my laptop bag with this tiny 67W adapter!"", ""date"": ""2026-07-13""}]"
24,32,Anker 100W USB-C to USB-C Heavy-Duty Nylon Braided Cable (6ft / 1.8m),Anker,"Anker 100W 6ft double-braided nylon USB-C to USB-C charging cable with E-Marker chip, supporting Power Delivery fast charging up to 100W for MacBook Pro, Dell XPS, iPad Pro, and Galaxy S24.",Chargers & Cables,1299,1299,1699,24% OFF,4.7,4.7,12800,12800,https://images.unsplash.com/photo-1616440342855-468f3ae908c6?w=800&auto=format&fit=crop&q=80,6ft / 1.8 Meter Length,Smart E-Marker Chip,,Supports Up to 100W Power Delivery,Anker Direct,"['100W Power Delivery', 'Heavy Duty Braided Nylon', 'E-Marker Chip', '35,000+ Bend Lifespan']","Anker 100W USB-C to USB-C Heavy-Duty Nylon Braided Cable (6ft / 1.8m) Anker 100W 6ft double-braided nylon USB-C to USB-C charging cable with E-Marker chip, supporting Power Delivery fast charging up to 100W for MacBook Pro, Dell XPS, iPad Pro, and Galaxy S24. Chargers & Cables Chargers & Cables|Anker|USB-C|100W|Braided","[{""user"": ""Rajesh Sen"", ""rating"": 5, ""comment"": ""Indestructible cable. Replaced my broken stock cable."", ""date"": ""2026-07-18""}]"
25,33,Apple Watch Series 9 GPS 45mm (Midnight Aluminum Case with Midnight Sport Band),Apple,"Apple Watch Series 9 powered by S9 SiP chip, magical Double Tap gesture control, brighter 2000 nits Always-On Retina display, ECG app, Blood Oxygen sensor, Advanced Workout metrics, and Fall Detection.",Smartwatches,44900,44900,44900,0%,4.8,4.8,3200,3200,https://images.unsplash.com/photo-1546868871-7041f2a55e12?w=800&auto=format&fit=crop&q=80,64GB Internal Storage,Apple S9 SiP Dual-Core Processor,,Up to 18 Hours (36 Hours in Low Power Mode),Apple Official Store,"['S9 Chip', 'Double Tap Gesture', '2000 nits Display', 'ECG & Blood Oxygen']","Apple Watch Series 9 GPS 45mm (Midnight Aluminum Case with Midnight Sport Band) Apple Watch Series 9 powered by S9 SiP chip, magical Double Tap gesture control, brighter 2000 nits Always-On Retina display, ECG app, Blood Oxygen sensor, Advanced Workout metrics, and Fall Detection. Smartwatches Smartwatches|Apple|AppleWatch|Fitness|S9","[{""user"": ""Divya Kapoor"", ""rating"": 5, ""comment"": ""Double tap gesture to answer calls while holding coffee is so convenient!"", ""date"": ""2026-06-22""}]"
26,34,"Samsung Galaxy Watch 6 Classic LTE 47mm (Black, Rotating Bezel, Sapphire Crystal Glass)",Samsung,"Samsung Galaxy Watch 6 Classic LTE featuring iconic physical rotating bezel, Sapphire Crystal glass display, Exynos W930 dual-core processor, BIA Body Composition sensor, Sleep Coaching, and 5ATM/IP68 water resistance.",Smartwatches,36999,36999,43999,16% OFF,4.6,4.6,2100,2100,https://images.unsplash.com/photo-1579586337278-3befd40fd17a?w=800&auto=format&fit=crop&q=80,2GB RAM | 16GB Storage,Exynos W930 Dual-Core 1.4GHz,,425 mAh with Fast Wireless Charging,Samsung Direct,"['Iconic Rotating Bezel', 'LTE Connectivity', 'Body Composition BIA', 'Sapphire Crystal Glass']","Samsung Galaxy Watch 6 Classic LTE 47mm (Black, Rotating Bezel, Sapphire Crystal Glass) Samsung Galaxy Watch 6 Classic LTE featuring iconic physical rotating bezel, Sapphire Crystal glass display, Exynos W930 dual-core processor, BIA Body Composition sensor, Sleep Coaching, and 5ATM/IP68 water resistance. Smartwatches Smartwatches|Samsung|GalaxyWatch|LTE|Android","[{""user"": ""Harsh Vardhan"", ""rating"": 5, ""comment"": ""Physical rotating bezel is satisfying to click. Great Wear OS app support."", ""date"": ""2026-07-03""}]"
