parent_asin,title,Brand,main_category,categories,description,price,Original_Price,Discount,average_rating,rating_number,store,Image_URL,Ram_Storage,Processor,Camera_Specs,Battery,features,reviews
1,Apple iPhone 15 Pro Max (256 GB) - Natural Titanium,Apple,Smartphones,Smartphones|Apple|Flagship|5G,"Apple iPhone 15 Pro Max with forged titanium design, Super Retina XDR OLED display, A17 Pro chip with 6-core GPU, 48MP main camera with 5x optical zoom telephoto, USB-C 3 speeds, and Action button.",149900,159900,6% OFF,4.8,1420,Apple Official Store,https://images.unsplash.com/photo-1695048133142-1a20484d2569?w=800&auto=format&fit=crop&q=80,8GB RAM | 256GB Storage,A17 Pro Bionic Chip,48MP Main + 12MP Ultra-wide + 12MP 5x Telephoto,4422 mAh (Up to 29 hrs Video Playback),Titanium Build|A17 Pro|48MP Camera|Dynamic Island|USB-C 3,"[{""user"": ""Rohan Sharma"", ""rating"": 5, ""comment"": ""Unbelievable build quality and battery life! The 5x optical zoom is super sharp."", ""date"": ""2026-07-15""}, {""user"": ""Priya Patel"", ""rating"": 5, ""comment"": ""A17 Pro plays AAA games effortlessly. Titanium body feels premium yet light."", ""date"": ""2026-07-28""}]"
2,"Samsung Galaxy S24 Ultra 5G (Titanium Gray, 12GB RAM, 512GB Storage)",Samsung,Smartphones,Smartphones|Samsung|Flagship|Galaxy|AI,"Samsung Galaxy S24 Ultra 5G powered by Galaxy AI, Snapdragon 8 Gen 3 for Galaxy, 200MP camera with Quad Tele system, Built-in S-Pen, Titanium Frame, and 6.8-inch QHD+ Dynamic AMOLED 2X display.",129999,144999,10% OFF,4.7,2150,Samsung India,https://images.unsplash.com/photo-1610945265064-0e34e5519bbf?w=800&auto=format&fit=crop&q=80,12GB RAM | 512GB Storage,Snapdragon 8 Gen 3 for Galaxy,200MP Main + 50MP Periscope + 12MP Ultra-wide + 10MP Telephoto,5000 mAh with 45W Super Fast Charging,Galaxy AI|200MP Quad Camera|S-Pen Included|Titanium Armor Frame,"[{""user"": ""Vikram Singh"", ""rating"": 5, ""comment"": ""Galaxy AI features like Circle to Search and Live Translate are game changers!"", ""date"": ""2026-06-10""}]"
3,"OnePlus 12 5G (Silky Black, 16GB RAM, 512GB Storage)",OnePlus,Smartphones,Smartphones|OnePlus|Flagship|Hasselblad,"OnePlus 12 5G featuring 4th Gen Hasselblad Camera System for Mobile, Snapdragon 8 Gen 3 Mobile Platform, 2K 120 Hz ProXDR Display, and 5400 mAh Battery with 100W SUPERVOOC Charging.",69999,74999,7% OFF,4.6,3800,OnePlus Direct,https://images.unsplash.com/photo-1598327105666-5b89351aff97?w=800&auto=format&fit=crop&q=80,16GB RAM | 512GB Storage,Snapdragon 8 Gen 3,50MP Sony LYT-808 + 64MP Periscope + 48MP Ultra-wide Hasselblad,5400 mAh with 100W Wired & 50W AIRVOOC,Hasselblad Camera|100W SUPERVOOC|Snapdragon 8 Gen 3|2K 120Hz ProXDR,"[{""user"": ""Amit Kumar"", ""rating"": 5, ""comment"": ""Charges from 1% to 100% in under 26 minutes! Super fast performance."", ""date"": ""2026-07-12""}]"
4,"Google Pixel 8 Pro (Obsidian, 12GB RAM, 128GB Storage)",Google,Smartphones,Smartphones|Google|Pixel|Camera|AI,"Google Pixel 8 Pro powered by Google Tensor G3 with Google AI, fully upgraded pro triple cameras, Temperature sensor, Super Actua display, and 7 years of OS updates.",99999,106999,7% OFF,4.5,980,Google Store India,https://images.unsplash.com/photo-1592899677977-9c10ca588bbd?w=800&auto=format&fit=crop&q=80,12GB RAM | 128GB Storage,Google Tensor G3,50MP Main + 48MP Ultra-wide + 48MP 5x Telephoto,5050 mAh with 30W Fast Charging,Tensor G3|Best AI Photography|Best Take|7 Years Updates,"[{""user"": ""Sanjay Rao"", ""rating"": 5, ""comment"": ""Best camera algorithms on any phone. Skin tones look natural."", ""date"": ""2026-06-20""}]"
5,"Nothing Phone (2a) 5G (Black, 8GB RAM, 128GB Storage)",Nothing,Smartphones,Smartphones|Nothing|Budget|Glyph,"Nothing Phone (2a) 5G with iconic Glyph Interface, MediaTek Dimensity 7200 Pro processor, 50 MP dual rear camera with OIS, 120Hz flexible AMOLED display, and Clean Nothing OS 2.5.",23999,25999,8% OFF,4.4,5200,Nothing Official,https://images.unsplash.com/photo-1511707171634-5f897ff02aa9?w=800&auto=format&fit=crop&q=80,8GB RAM | 128GB Storage,Dimensity 7200 Pro,50MP OIS Main + 50MP Ultra-wide,5000 mAh with 45W Fast Charging,Glyph Interface|Clean OS|50MP Dual OIS Camera|120Hz AMOLED,"[{""user"": ""Karan Malhotra"", ""rating"": 5, ""comment"": ""Unique transparent design and glyph lights turn heads everywhere!"", ""date"": ""2026-07-22""}]"
6,"Xiaomi Redmi Note 13 Pro+ 5G (Fusion Purple, 12GB RAM, 256GB Storage)",Xiaomi,Smartphones,Smartphones|Xiaomi|Redmi|Camera,"Xiaomi Redmi Note 13 Pro+ 5G with 3D Curved 1.5K 120Hz AMOLED Display, 200MP OIS Camera with 4x lossless zoom, IP68 Water & Dust Resistance, and 120W HyperCharge.",31999,35999,11% OFF,4.3,8400,Xiaomi India,https://images.unsplash.com/photo-1565849904461-04a58ad377e0?w=800&auto=format&fit=crop&q=80,12GB RAM | 256GB Storage,Dimensity 7200-Ultra,200MP OIS Main + 8MP Ultra-wide + 2MP Macro,5000 mAh with 120W HyperCharge,200MP OIS Camera|120W Charging|3D Curved Display|IP68,"[{""user"": ""Deepak Joshi"", ""rating"": 4, ""comment"": ""Curved screen looks premium like a 70k phone."", ""date"": ""2026-07-05""}]"
7,"ASUS ROG Strix G16 Gaming Desktop PC (Intel Core i9-14900KF, RTX 4080 Super 16GB, 32GB DDR5, 2TB SSD, Liquid Cooled)",ASUS,Laptops & PCs,Laptops & PCs|ASUS|ROG|GamingPC|Desktop|RTX4080,"ASUS ROG Strix G16 flagship gaming desktop computer powered by 14th Gen Intel Core i9-14900KF processor, NVIDIA GeForce RTX 4080 Super 16GB GDDR6X GPU, 32GB DDR5 RAM, 2TB PCIe 4.0 NVMe SSD, 240mm liquid cooling system, and Aura Sync RGB glass side panel.",289990,319990,9% OFF,4.9,340,ASUS ROG Store,https://images.unsplash.com/photo-1587202372775-e229f172b9d7?w=800&auto=format&fit=crop&q=80,32GB DDR5 RAM | 2TB PCIe 4.0 NVMe SSD,14th Gen Intel Core i9-14900KF (24 Cores / 5.8GHz),N/A (Desktop Tower),850W 80 Gold Power Supply Unit,RTX 4080 Super 16GB|Liquid Cooled i9-14900KF|Tempered Glass RGB Case|Wi-Fi 6E,"[{""user"": ""Yash Pal"", ""rating"": 5, ""comment"": ""Absolute monster PC! Runs Cyberpunk 2077 at 4K Ultra Ray Tracing at 120+ FPS easily."", ""date"": ""2026-07-29""}]"
8,"HP OMEN 45L Gaming Desktop PC (AMD Ryzen 9 7900X, RTX 4070 Ti Super 16GB, 32GB DDR5 RAM, 1TB NVMe SSD)",HP,Laptops & PCs,Laptops & PCs|HP|OMEN|GamingPC|Desktop|RTX4070Ti,"HP OMEN 45L Gaming Desktop with revolutionary Cryo Chamber cooling system, AMD Ryzen 9 7900X 12-core CPU, NVIDIA GeForce RTX 4070 Ti Super 16GB, 32GB Kingston FURY DDR5 RGB memory, and 1TB WD Black PCIe SSD.",234990,259990,10% OFF,4.8,290,HP Store India,https://images.unsplash.com/photo-1593640408182-31c70c8268f5?w=800&auto=format&fit=crop&q=80,32GB Kingston FURY DDR5 RAM | 1TB M.2 SSD,AMD Ryzen 9 7900X (12 Cores / 24 Threads),N/A (Desktop Tower),800W 80 Plus Gold PSU,OMEN Cryo Chamber|RTX 4070 Ti Super|Tool-less Glass Case|Kingston RGB RAM,"[{""user"": ""Harish Chandra"", ""rating"": 5, ""comment"": ""Patented Cryo Chamber keeps CPU temperatures under 65 degrees even on heavy rendering loads."", ""date"": ""2026-07-11""}]"
9,"Apple MacBook Air 15-inch M3 Chip (16GB RAM, 512GB SSD) - Starlight",Apple,Laptops & PCs,Laptops & PCs|Apple|MacBook|Ultrabook|M3,"Apple MacBook Air 15-inch with M3 chip, 8-core CPU and 10-core GPU, Liquid Retina display, 1080p FaceTime HD camera, MagSafe 3 charging, and up to 18 hours of battery life.",154900,164900,6% OFF,4.9,890,Apple Official Store,https://images.unsplash.com/photo-1517336714731-489689fd1ca8?w=800&auto=format&fit=crop&q=80,16GB Unified Memory | 512GB SSD,Apple M3 Chip (8-Core CPU / 10-Core GPU),1080p FaceTime HD Camera,Up to 18 Hours Battery Life,M3 Chip|15.3-inch Liquid Retina Display|Fanless Silent Design|MagSafe 3,"[{""user"": ""Ananya Nair"", ""rating"": 5, ""comment"": ""Dead silent, blazing fast for video editing, and battery lasts 2 full workdays!"", ""date"": ""2026-06-18""}]"
10,"ASUS ROG Zephyrus G16 Gaming Laptop (16-inch 240Hz OLED, Intel Core Ultra 9, RTX 4070 8GB, 32GB RAM, 1TB SSD)",ASUS,Laptops & PCs,Laptops & PCs|ASUS|ROG|Gaming|RTX4070,"ASUS ROG Zephyrus G16 AI Gaming Laptop featuring 2.5K 240Hz ROG Nebula OLED display, Intel Core Ultra 9 185H processor, NVIDIA GeForce RTX 4070 GPU, CNC Aluminum chassis, and ROG Intelligent Cooling.",219990,249990,12% OFF,4.8,420,ASUS ROG Store,https://images.unsplash.com/photo-1603302576837-37561b2e2302?w=800&auto=format&fit=crop&q=80,32GB LPDDR5X RAM | 1TB PCIe 4.0 SSD,Intel Core Ultra 9 185H (16 Cores / NPU AI),1080p FHD IR Camera with Windows Hello,90Wh Battery with 100W USB-C PD Charging,240Hz OLED Display|RTX 4070 8GB|CNC Aluminum|Tri-Fan Cooling,"[{""user"": ""Rahul Verma"", ""rating"": 5, ""comment"": ""OLED screen colors are breathtaking and Cyberpunk 2077 runs smooth at 90+ FPS!"", ""date"": ""2026-07-14""}]"
11,"Dell XPS 13 Laptop (Intel Core Ultra 7 155H, 13.4-inch 3K+ Touch OLED, 16GB RAM, 512GB SSD)",Dell,Laptops & PCs,Laptops & PCs|Dell|XPS|Ultrabook|OLED,"Dell XPS 13 premium ultraportable laptop crafted with CNC machined aluminum, capacitive touch function row, seamless glass touchpad, InfinityEdge 3K+ OLED touchscreen, and Dolby Atmos audio.",144990,159990,9% OFF,4.6,610,Dell Official Store,https://images.unsplash.com/photo-1593642632823-8f785ba67e45?w=800&auto=format&fit=crop&q=80,16GB RAM | 512GB NVMe SSD,Intel Core Ultra 7 155H,FHD 1080p Web Camera,55Whr Battery with Fast Charge,InfinityEdge 3K+ OLED Touch|CNC Aluminum|Glass Touchpad|Dolby Atmos,"[{""user"": ""Meera Sen"", ""rating"": 4, ""comment"": ""Minimalist futuristic design. Touchpad takes 1 day to get used to."", ""date"": ""2026-06-25""}]"
27,"Apple MacBook Pro 14-inch M3 Pro (18GB Unified Memory, 512GB SSD, Space Black)",Apple,Laptops & PCs,Laptops & PCs|Apple|MacBook|MacBookPro|M3Pro|Laptop,"Apple MacBook Pro 14-inch with M3 Pro chip (11-core CPU, 14-core GPU), 18GB unified memory, 512GB SSD, Liquid Retina XDR display, 1080p FaceTime HD camera, six-speaker sound system, and HDMI 2.1 port.",199900,214900,7% OFF,4.9,1250,Apple Official Store,https://images.unsplash.com/photo-1517336714731-489689fd1ca8?w=800&auto=format&fit=crop&q=80,18GB Unified Memory | 512GB SSD,Apple M3 Pro Chip (11-Core CPU / 14-Core GPU),1080p FaceTime HD Camera,Up to 18 Hours Battery Life,M3 Pro Chip|Liquid Retina XDR|Space Black Finish|HDMI & SDXC Slot,"[{""user"": ""Karthik R."", ""rating"": 5, ""comment"": ""The M3 Pro chip renders 4K multi-cam timelines in Final Cut Pro effortlessly!"", ""date"": ""2026-07-28""}]"
28,"Lenovo LOQ 15 Gaming Laptop (Intel Core i5-12450HX, RTX 3050 6GB, 16GB DDR5, 512GB SSD, 144Hz FHD)",Lenovo,Laptops & PCs,Laptops & PCs|Lenovo|LOQ|Gaming|Laptop|RTX3050,"Lenovo LOQ 15IAX9 gaming laptop powered by 12th Gen Intel Core i5-12450HX processor, NVIDIA GeForce RTX 3050 6GB GDDR6 graphics, 16GB DDR5 RAM, 512GB PCIe 4.0 SSD, 15.6-inch FHD 144Hz 100% sRGB display, and G-SYNC.",59990,78990,24% OFF,4.7,2340,Lenovo Store,https://images.unsplash.com/photo-1603302576837-37561b2e2302?w=800&auto=format&fit=crop&q=80,16GB DDR5 RAM | 512GB M.2 PCIe SSD,12th Gen Intel Core i5-12450HX,720p HD Camera with E-shutter,60Whr Battery with 170W Fast Charger,RTX 3050 6GB|144Hz 100% sRGB|LA1 AI Chip|DDR5 RAM,"[{""user"": ""Saurabh Sharma"", ""rating"": 5, ""comment"": ""Best gaming laptop under 60k! 6GB VRAM on RTX 3050 runs GTA V and Valorant smoothly."", ""date"": ""2026-07-15""}]"
29,"ASUS TUF Gaming F15 Laptop (Intel Core i5-11400H, RTX 3050 4GB, 16GB RAM, 512GB SSD, 144Hz FHD)",ASUS,Laptops & PCs,Laptops & PCs|ASUS|TUF|Gaming|Laptop,"ASUS TUF Gaming F15 laptop featuring 11th Gen Intel Core i5-11400H, NVIDIA GeForce RTX 3050 4GB GPU, 16GB DDR4 RAM, 512GB PCIe SSD, 15.6-inch FHD 144Hz IPS-level display, RGB backlit keyboard, and Military-grade MIL-STD-810H durability.",52990,74990,29% OFF,4.6,4820,ASUS Store India,https://images.unsplash.com/photo-1588872657578-7efd1f1555ed?w=800&auto=format&fit=crop&q=80,16GB DDR4 RAM | 512GB M.2 NVMe SSD,11th Gen Intel Core i5-11400H,720p HD Camera,48Whr Battery,144Hz FHD Display|RTX 3050 4GB|Military Grade Durability|RGB Keyboard,"[{""user"": ""Praveen V."", ""rating"": 5, ""comment"": ""Durable build quality and handles college coding and heavy gaming easily."", ""date"": ""2026-06-30""}]"
30,"Acer Nitro V 15 Gaming Laptop (Intel Core i5-13420H, RTX 4050 6GB, 16GB DDR5, 512GB SSD, 144Hz FHD)",Acer,Laptops & PCs,Laptops & PCs|Acer|Nitro|Gaming|Laptop|RTX4050,"Acer Nitro V 15 gaming laptop powered by 13th Gen Intel Core i5-13420H processor, NVIDIA GeForce RTX 4050 6GB GDDR6 graphics with DLSS 3, 16GB DDR5 RAM, 512GB Gen4 SSD, 15.6-inch 144Hz IPS display, and Dual-fan cooling.",62990,79999,21% OFF,4.7,1890,Acer Official Store,https://images.unsplash.com/photo-1603302576837-37561b2e2302?w=800&auto=format&fit=crop&q=80,16GB DDR5 RAM | 512GB PCIe Gen4 SSD,13th Gen Intel Core i5-13420H,720p HD Camera with Temporal Noise Reduction,57Whr Battery,RTX 4050 6GB DLSS3|13th Gen i5|144Hz IPS Screen|Dual Fan Thermal Control,"[{""user"": ""Rohan M."", ""rating"": 5, ""comment"": ""DLSS 3 frame generation gives massive boost in FPS for Cyberpunk and Forza Horizon 5!"", ""date"": ""2026-07-22""}]"
31,"HP Victus 15 Gaming Laptop (AMD Ryzen 5 5600H, RTX 3050 4GB, 16GB RAM, 512GB SSD, 144Hz FHD)",HP,Laptops & PCs,Laptops & PCs|HP|Victus|Gaming|Laptop,"HP Victus 15 gaming laptop featuring AMD Ryzen 5 5600H 6-core processor, NVIDIA GeForce RTX 3050 4GB GPU, 16GB DDR4 RAM, 512GB PCIe NVMe SSD, 15.6-inch FHD 144Hz anti-glare display, and B&O tuned audio.",49990,68990,27% OFF,4.5,3100,HP Store India,https://images.unsplash.com/photo-1593642632823-8f785ba67e45?w=800&auto=format&fit=crop&q=80,16GB DDR4 RAM | 512GB M.2 PCIe SSD,AMD Ryzen 5 5600H (6 Cores / 12 Threads),HP Wide Vision 720p HD Camera,52.5Whr Battery with HP Fast Charge,Ryzen 5 5600H|RTX 3050 4GB|144Hz Display|Audio by Bang & Olufsen,"[{""user"": ""Aditya K."", ""rating"": 5, ""comment"": ""Sleek subtle design that doesn't scream gamer. Great for office and gaming."", ""date"": ""2026-07-10""}]"
32,"Dell G15 5530 Gaming Laptop (Intel Core i5-13450HX, RTX 3050 6GB, 16GB DDR5, 1TB SSD, 120Hz FHD)",Dell,Laptops & PCs,Laptops & PCs|Dell|G15|Gaming|Laptop,"Dell G15 5530 gaming laptop engineered with Alienware-inspired thermal design, 13th Gen Intel Core i5-13450HX processor, NVIDIA GeForce RTX 3050 6GB, 16GB DDR5 RAM, 1TB PCIe NVMe SSD, and 15.6-inch FHD 120Hz display.",71990,89990,20% OFF,4.6,1120,Dell Official Store,https://images.unsplash.com/photo-1588872657578-7efd1f1555ed?w=800&auto=format&fit=crop&q=80,16GB DDR5 RAM | 1TB PCIe NVMe SSD,13th Gen Intel Core i5-13450HX,720p HD Camera with Dual Microphones,56Whr Battery,Alienware Cooling Tech|RTX 3050 6GB|1TB SSD|Game Shift Key,"[{""user"": ""Deepak N."", ""rating"": 5, ""comment"": ""Alienware cooling tech keeps thermals under control. 1TB SSD space is a big plus."", ""date"": ""2026-07-08""}]"
12,"Sony Alpha 7 IV Full-Frame Mirrorless Camera Body (33MP, 4K 60p, Real-Time Eye AF, 5-Axis OIS)",Sony,Cameras,Cameras|Sony|Alpha|Mirrorless|Full-Frame,"Sony Alpha 7 IV full-frame mirrorless camera featuring 33MP Exmor R CMOS sensor, BIONZ XR processing engine, 4K 60p 10-bit 4:2:2 video, 759-point AF with Real-time Eye AF for Humans/Animals/Birds.",214990,229990,7% OFF,4.9,1150,Sony Center India,https://images.unsplash.com/photo-1516035069371-29a1b244cc32?w=800&auto=format&fit=crop&q=80,Dual SD/CFexpress Type A Slots,BIONZ XR Image Processor,33MP Full-Frame Exmor R Sensor | 4K 60p 10-bit 4:2:2,NP-FZ100 Rechargeable Battery (580 shots),33MP Full-Frame|4K 60p Video|Real-Time Eye AF|5-Axis In-Body Stabilization,"[{""user"": ""Manish Kulkarni"", ""rating"": 5, ""comment"": ""Gold standard hybrid camera for weddings and commercial video shoots."", ""date"": ""2026-07-01""}]"
13,"Sony ZV-E10 Mirrorless Vlog Camera (24.2MP, 4K Video, Vari-Angle Touchscreen, Directional 3-Capsule Mic)",Sony,Cameras,Cameras|Sony|Alpha|Vlog|Mirrorless|Budget,"Sony ZV-E10 APS-C interchangeable lens mirrorless vlogging camera featuring 24.2MP Exmor CMOS sensor, 4K HDR video recording, Product Showcase setting, Background Defocus button, and 3-Capsule Mic with windscreen.",47990,52990,9% OFF,4.7,3420,Sony Center India,https://images.unsplash.com/photo-1502920917128-1aa500764cbd?w=800&auto=format&fit=crop&q=80,Single SD UHS-I Card Slot,BIONZ X Image Processor,24.2MP APS-C Exmor CMOS | 4K 30p 100Mbps Video,NP-FW50 Battery (440 shots / 80 min video),24.2MP Sensor|Vari-Angle Screen|Product Showcase|Background Defocus,"[{""user"": ""Siddharth Verma"", ""rating"": 5, ""comment"": ""Best vlogging camera under 50k! Product showcase mode switches focus instantly."", ""date"": ""2026-07-19""}]"
14,"Canon EOS R50 Mirrorless Camera Body (24.2MP, 4K 30p Uncropped, Dual Pixel CMOS AF II, OLED EVF)",Canon,Cameras,Cameras|Canon|EOS|Mirrorless|Compact|Budget,"Canon EOS R50 compact lightweight mirrorless camera featuring 24.2MP APS-C CMOS sensor, DIGIC X processor, Dual Pixel CMOS AF II with subject detection, 4K 30p uncropped video, and 15 fps electronic burst.",49990,54990,9% OFF,4.8,1850,Canon India,https://images.unsplash.com/photo-1516035069371-29a1b244cc32?w=800&auto=format&fit=crop&q=80,Single SD UHS-I Card Slot,DIGIC X Image Processor,24.2MP APS-C CMOS | 4K 30p Uncropped | 6K Oversampled,LP-E17 Rechargeable Li-ion,24.2MP Sensor|Dual Pixel AF II|Compact 375g Body|4K 30p,"[{""user"": ""Akash Deshmukh"", ""rating"": 5, ""comment"": ""Super sharp 4K video and animal eye tracking works brilliantly."", ""date"": ""2026-07-10""}]"
15,"GoPro HERO12 Black Waterproof Action Camera (5.3K60 Video, 27MP Photos, HDR, HyperSmooth 6.0)",GoPro,Cameras,Cameras|GoPro|Action|Waterproof|5.3K,"GoPro HERO12 Black waterproof action camera featuring 5.3K60 and 4K120 video, 27MP photos, Emmy Award-winning HyperSmooth 6.0 video stabilization, HDR video, Bluetooth audio support, and dual LCD screens.",37990,45000,16% OFF,4.7,6200,GoPro Official Store,https://images.unsplash.com/photo-1526170375885-4d8ecf77b99f?w=800&auto=format&fit=crop&q=80,MicroSD Slot (Up to 512GB),GP2 Image Processor,27MP 1/1.9-inch Sensor | 5.3K 60fps / 4K 120fps,1720 mAh Enduro Battery (70 min 5.3K),5.3K60 Video|HyperSmooth 6.0 Stabilization|Waterproof 33ft|HDR Video,"[{""user"": ""Nikhil Motovlog"", ""rating"": 5, ""comment"": ""HyperSmooth 6.0 stabilization makes bumpy bike rides look like a Hollywood drone shot!"", ""date"": ""2026-07-25""}]"
16,"Fujifilm X-T5 Mirrorless Camera Body (40.2MP APS-C X-Trans CMOS 5 HR Sensor, 6.2K Video, Silver)",Fujifilm,Cameras,Cameras|Fujifilm|APS-C|Retro|FilmSimulation,"Fujifilm X-T5 photography-first mirrorless camera featuring 40.2MP X-Trans 5 HR sensor, X-Processor 5, 19 Film Simulation modes, 7-stop IBIS, 3-way tilting LCD, and classic analog control dials.",169990,184990,8% OFF,4.9,510,Fujifilm Store,https://images.unsplash.com/photo-1526170375885-4d8ecf77b99f?w=800&auto=format&fit=crop&q=80,Dual SD UHS-II Slots,X-Processor 5 Engine,40.2MP X-Trans CMOS 5 HR | 6.2K 30p 10-bit Video,NP-W235 Battery (Up to 700 frames),40.2MP High-Res Sensor|19 Film Simulations|Classic Dial Controls|7-stop IBIS,"[{""user"": ""Arjun Saxena"", ""rating"": 5, ""comment"": ""Film simulations produce SOOC JPEGs that need zero color grading."", ""date"": ""2026-07-21""}]"
15,"Sony WH-1000XM5 Wireless Premium Noise Canceling Headphones (Silver, 30 Hr Battery, Auto NC Optimizer)",Sony,Audio,Audio|Sony|Headphones|ANC|Wireless,"Sony WH-1000XM5 industry-leading noise canceling headphones with two processors and 8 microphones, Auto NC Optimizer, Speak-to-Chat technology, 30-hour battery life, and ultra-comfortable lightweight design.",29990,34990,14% OFF,4.7,6800,Sony Official,https://images.unsplash.com/photo-1505740420928-5e560c06d30e?w=800&auto=format&fit=crop&q=80,Bluetooth 5.2 / LDAC / AAC,Processor V1 + HD Noise Canceling Processor QN1,4 Beamforming Mics for Calls,30 Hours Battery (3 min Charge = 3 Hours),Industry-leading ANC|30-Hour Battery|Multipoint Bluetooth|LDAC High-Res Audio,"[{""user"": ""Gautam Sethi"", ""rating"": 5, ""comment"": ""Cancels out airplane engine noise completely. Super comfy soft leather cups."", ""date"": ""2026-06-19""}]"
16,Apple AirPods Pro (2nd Generation) with MagSafe Case (USB-C) - Active Noise Cancellation & Adaptive Audio,Apple,Audio,Audio|Apple|AirPods|Earbuds|ANC,"Apple AirPods Pro 2nd Gen featuring H2 chip, up to 2x more Active Noise Cancellation, Adaptive Audio, Transparency mode, Personalized Spatial Audio with dynamic head tracking, and USB-C MagSafe Charging Case.",23900,24900,4% OFF,4.8,9500,Apple Official Store,https://images.unsplash.com/photo-1600294037681-c80b4cb5b434?w=800&auto=format&fit=crop&q=80,Bluetooth 5.3 / Apple H2 Chip,Apple H2 Headphone Chip,Dual Beamforming Mics,6 Hours Earbud (30 Hours Total with USB-C Case),Apple H2 Chip|2x Noise Cancellation|Adaptive Audio|MagSafe USB-C Case,"[{""user"": ""Rhea Menon"", ""rating"": 5, ""comment"": ""Seamless switching between iPhone and MacBook."", ""date"": ""2026-07-11""}]"
17,"Samsung Odyssey OLED G8 34-inch UWQHD Curved Gaming Monitor (175Hz, 0.03ms, Neo Quantum Processor, Smart TV)",Samsung,Gaming & Peripherals,Gaming & Peripherals|Samsung|Monitor|OLED|175Hz|Curved,"Samsung Odyssey OLED G8 34-inch Ultra-WQHD (3440 x 1440) 1800R curved gaming monitor featuring Quantum Dot OLED technology, 175Hz refresh rate, 0.03ms response time, VESA DisplayHDR True Black 400, Gaming Hub, and Slim Metal Design.",99990,119990,17% OFF,4.9,680,Samsung Direct,https://images.unsplash.com/photo-1527443224154-c4a3942d3acf?w=800&auto=format&fit=crop&q=80,34-inch 21:9 UWQHD QD-OLED Panel,Neo Quantum Processor O,N/A (Gaming Monitor),AC Powered (65W USB-C PD Output),34-inch QD-OLED 175Hz|0.03ms Response|1800R Curve|Neo Quantum Engine,"[{""user"": ""Varun Taneja"", ""rating"": 5, ""comment"": ""Infinite contrast ratio and true blacks make games look unreal! Best monitor I've ever owned."", ""date"": ""2026-07-28""}]"
18,"LG UltraGear 27-inch 240Hz QHD Gaming Monitor (Nano IPS 1ms, HDR10, G-SYNC Compatible, HDMI 2.1)",LG,Gaming & Peripherals,Gaming & Peripherals|LG|Monitor|240Hz|QHD|NanoIPS,"LG UltraGear 27GR83Q 27-inch QHD (2560 x 1440) esports gaming monitor featuring Nano IPS panel, 240Hz refresh rate, 1ms (GtG) response time, NVIDIA G-SYNC & AMD FreeSync Premium Pro, and HDMI 2.1 VRR support.",38990,45000,13% OFF,4.7,1420,LG Electronics India,https://images.unsplash.com/photo-1547082299-de196ea013d6?w=800&auto=format&fit=crop&q=80,27-inch QHD (2560x1440) Nano IPS,NVIDIA G-SYNC Compatible Engine,N/A (Gaming Monitor),AC Powered,240Hz Refresh Rate|Nano IPS 1ms GtG|HDMI 2.1 VRR|Height & Tilt Stand,"[{""user"": ""Shubham Gill"", ""rating"": 5, ""comment"": ""240Hz at 1440p resolution is the sweet spot for competitive shooter games."", ""date"": ""2026-07-16""}]"
19,"Logitech G Pro X Superlight 2 Wireless Gaming Mouse (60g Ultra-Light, HERO 2 Sensor, 32K DPI, Black)",Logitech,Gaming & Peripherals,Gaming & Peripherals|Logitech|Mouse|Wireless|Esports,"Logitech G Pro X Superlight 2 Lightspeed wireless gaming mouse engineered with top esports pros. Features 60-gram ultra-lightweight design, HERO 2 sensor with 32,000 DPI, LIGHTFORCE hybrid switches, and 95-hour battery life.",13995,15995,13% OFF,4.9,3100,Logitech G Store,https://images.unsplash.com/photo-1615663245857-ac93bb7c39e7?w=800&auto=format&fit=crop&q=80,Onboard Memory Profiles,"Logitech HERO 2 Sensor (32,000 DPI)",N/A,95 Hours Constant Motion Battery Life,60g Ultra Lightweight|32K DPI HERO 2 Sensor|LIGHTFORCE Hybrid Switches|95h Battery,"[{""user"": ""Chetan FPS"", ""rating"": 5, ""comment"": ""Flicks in CS2 feel effortless thanks to the 60g weight and zero wireless latency."", ""date"": ""2026-07-23""}]"
20,"Razer BlackWidow V4 Pro Mechanical Gaming Keyboard (Green Clicky Switches, Chroma RGB, Command Dial)",Razer,Gaming & Peripherals,Gaming & Peripherals|Razer|Keyboard|Mechanical|RGB,"Razer BlackWidow V4 Pro full-size mechanical gaming keyboard featuring Razer Green tactile clicky switches, Razer Command Dial, 8 dedicated macro keys, 8000Hz polling rate, plush magnetic wrist rest, and per-key Chroma RGB.",22999,25999,12% OFF,4.7,1450,Razer Official Store,https://images.unsplash.com/photo-1587829741301-dc798b83add3?w=800&auto=format&fit=crop&q=80,Hybrid On-Board & Cloud Storage,Razer HyperPolling 8000Hz Engine,N/A,USB-C Detachable Braided Cable,Razer Green Mechanical Switches|Command Dial|8 Macro Keys|Chroma RGB Underglow,"[{""user"": ""Deepanshu Bansal"", ""rating"": 5, ""comment"": ""Tactile clicky feedback is super satisfying. Command dial is great for volume."", ""date"": ""2026-07-04""}]"
21,"HyperX Cloud III Wireless Gaming Headset (53mm Angled Drivers, 120 Hour Battery, DTS Spatial Audio, 10mm Mic)",HyperX,Gaming & Peripherals,Gaming & Peripherals|HyperX|Headset|Wireless|Gaming,"HyperX Cloud III Wireless Gaming Headset featuring re-engineered 53mm angled drivers, signature memory foam comfort, ultra-clear 10mm noise-canceling mic, DTS Headphone:X Spatial Audio, and up to 120 hours of battery life.",12990,15990,19% OFF,4.8,2890,HyperX Official Store,https://images.unsplash.com/photo-1599669454699-24889d6df33b?w=800&auto=format&fit=crop&q=80,2.4GHz Wireless USB-C Dongle,DTS Headphone:X Spatial Audio DSP,10mm Ultra-Clear Noise-Canceling Mic,120 Hours Continuous Battery Life,120 Hour Battery|53mm Angled Drivers|Memory Foam Comfort|DTS 3D Spatial Audio,"[{""user"": ""Aman Shrivastav"", ""rating"": 5, ""comment"": ""120 hours battery means charging only once a month. Mic quality is crystal clear."", ""date"": ""2026-07-17""}]"
22,"Sony PlayStation 5 Console (Slim Disc Edition, 1TB SSD, DualSense Wireless Controller)",Sony,Gaming & Peripherals,Gaming & Peripherals|Sony|PS5|Console|4K120,"Sony PlayStation 5 (PS5 Slim Disc Edition) gaming console featuring 1TB high-speed SSD, Tempest 3D AudioTech, ray tracing, 4K 120Hz HDR output, and DualSense wireless controller with haptic feedback & adaptive triggers.",54990,54990,0%,4.9,8900,Sony Center India,https://images.unsplash.com/photo-1606813907291-d86efa9b94db?w=800&auto=format&fit=crop&q=80,16GB GDDR6 RAM | 1TB Custom SSD,AMD Zen 2 8-Core CPU / RDNA 2 GPU,N/A,AC Mains Powered,1TB High Speed SSD|Ray Tracing 4K 120Hz|DualSense Haptics|Tempest 3D Audio,"[{""user"": ""Siddharth Das"", ""rating"": 5, ""comment"": ""Spider-Man 2 and God of War Ragnarok load in 2 seconds flat! Mindblowing console."", ""date"": ""2026-07-20""}]"
23,Anker Prime 67W GaN Fast Wall Charger (3-Port USB-C & USB-A Power Adapter),Anker,Chargers & Cables,Chargers & Cables|Anker|FastCharger|GaN|USB-C,"Anker Prime 67W GaN 3-port fast wall charger with GaNPrime technology, ActiveShield 2.0 safety protection, foldable plug, capable of fast charging MacBook Pro, iPhone 15, iPad, and Samsung Galaxy simultaneously.",3999,4999,20% OFF,4.6,4100,Anker Official Store,https://images.unsplash.com/photo-1583863788434-e58a36330cf0?w=800&auto=format&fit=crop&q=80,Dual USB-C + Single USB-A Port,GaNPrime Tech + ActiveShield 2.0,N/A,67W Ultra-Fast Power Delivery Output,67W Fast Charging|GaN Tech|Compact Foldable Plug|Triple Device Charge,"[{""user"": ""Tarun Jha"", ""rating"": 5, ""comment"": ""Replaced 3 brick chargers in my laptop bag with this tiny 67W adapter!"", ""date"": ""2026-07-13""}]"
24,Anker 100W USB-C to USB-C Heavy-Duty Nylon Braided Cable (6ft / 1.8m),Anker,Chargers & Cables,Chargers & Cables|Anker|USB-C|100W|Braided,"Anker 100W 6ft double-braided nylon USB-C to USB-C charging cable with E-Marker chip, supporting Power Delivery fast charging up to 100W for MacBook Pro, Dell XPS, iPad Pro, and Galaxy S24.",1299,1699,24% OFF,4.7,12800,Anker Direct,https://images.unsplash.com/photo-1616440342855-468f3ae908c6?w=800&auto=format&fit=crop&q=80,6ft / 1.8 Meter Length,Smart E-Marker Chip,N/A,Supports Up to 100W Power Delivery,"100W Power Delivery|Heavy Duty Braided Nylon|E-Marker Chip|35,000+ Bend Lifespan","[{""user"": ""Rajesh Sen"", ""rating"": 5, ""comment"": ""Indestructible cable. Replaced my broken stock cable."", ""date"": ""2026-07-18""}]"
25,Apple Watch Series 9 GPS 45mm (Midnight Aluminum Case with Midnight Sport Band),Apple,Smartwatches,Smartwatches|Apple|AppleWatch|Fitness|S9,"Apple Watch Series 9 powered by S9 SiP chip, magical Double Tap gesture control, brighter 2000 nits Always-On Retina display, ECG app, Blood Oxygen sensor, Advanced Workout metrics, and Fall Detection.",44900,44900,0%,4.8,3200,Apple Official Store,https://images.unsplash.com/photo-1546868871-7041f2a55e12?w=800&auto=format&fit=crop&q=80,64GB Internal Storage,Apple S9 SiP Dual-Core Processor,N/A,Up to 18 Hours (36 Hours in Low Power Mode),S9 Chip|Double Tap Gesture|2000 nits Display|ECG & Blood Oxygen,"[{""user"": ""Divya Kapoor"", ""rating"": 5, ""comment"": ""Double tap gesture to answer calls while holding coffee is so convenient!"", ""date"": ""2026-06-22""}]"
26,"Samsung Galaxy Watch 6 Classic LTE 47mm (Black, Rotating Bezel, Sapphire Crystal Glass)",Samsung,Smartwatches,Smartwatches|Samsung|GalaxyWatch|LTE|Android,"Samsung Galaxy Watch 6 Classic LTE featuring iconic physical rotating bezel, Sapphire Crystal glass display, Exynos W930 dual-core processor, BIA Body Composition sensor, Sleep Coaching, and 5ATM/IP68 water resistance.",36999,43999,16% OFF,4.6,2100,Samsung Direct,https://images.unsplash.com/photo-1579586337278-3befd40fd17a?w=800&auto=format&fit=crop&q=80,2GB RAM | 16GB Storage,Exynos W930 Dual-Core 1.4GHz,N/A,425 mAh with Fast Wireless Charging,Iconic Rotating Bezel|LTE Connectivity|Body Composition BIA|Sapphire Crystal Glass,"[{""user"": ""Harsh Vardhan"", ""rating"": 5, ""comment"": ""Physical rotating bezel is satisfying to click. Great Wear OS app support."", ""date"": ""2026-07-03""}]"
